value,day,month,year,date,h3_polyfill
0.8874547629505016,1,1,2016,2016-01-01,8826824801fffff
0.897052174185903,1,1,2016,2016-01-01,8826824803fffff
1.188303479813677,1,1,2016,2016-01-01,8826824805fffff
1.0910668586713832,1,1,2016,2016-01-01,8826824807fffff
0.8801041780522905,1,1,2016,2016-01-01,8826824809fffff
0.8282637639879185,1,1,2016,2016-01-01,882682480bfffff
0.9649287366978774,1,1,2016,2016-01-01,882682480dfffff
0.9074922620286705,1,1,2016,2016-01-01,8826824811fffff
0.9921867020129193,1,1,2016,2016-01-01,8826824813fffff
0.7994192975043732,1,1,2016,2016-01-01,8826824815fffff
1.1472474672751016,1,1,2016,2016-01-01,8826824817fffff
0.8966030339709945,1,1,2016,2016-01-01,8826824819fffff
0.9130437298322498,1,1,2016,2016-01-01,882682481bfffff
0.8227389154280551,1,1,2016,2016-01-01,882682481dfffff
1.227130561413536,1,1,2016,2016-01-01,8826824821fffff
1.2394150942001356,1,1,2016,2016-01-01,8826824823fffff
1.5210215512935779,1,1,2016,2016-01-01,8826824825fffff
1.3207933695720706,1,1,2016,2016-01-01,8826824827fffff
1.0608020051566318,1,1,2016,2016-01-01,8826824829fffff
1.1818606010216866,1,1,2016,2016-01-01,882682482bfffff
1.424899690846664,1,1,2016,2016-01-01,882682482dfffff
1.0008072378309623,1,1,2016,2016-01-01,8826824831fffff
0.9926005578972849,1,1,2016,2016-01-01,8826824833fffff
0.9770768912398796,1,1,2016,2016-01-01,8826824835fffff
0.8320357898921501,1,1,2016,2016-01-01,8826824837fffff
1.2923835447033025,1,1,2016,2016-01-01,8826824839fffff
1.1041650488076393,1,1,2016,2016-01-01,882682483bfffff
0.9713103213854511,1,1,2016,2016-01-01,882682483dfffff
0.9518711393498754,1,1,2016,2016-01-01,8826824841fffff
0.9502305068096883,1,1,2016,2016-01-01,8826824843fffff
0.977076937721427,1,1,2016,2016-01-01,8826824845fffff
0.9319582876927066,1,1,2016,2016-01-01,8826824847fffff
1.2049894434423163,1,1,2016,2016-01-01,8826824849fffff
0.9986134925847068,1,1,2016,2016-01-01,882682484bfffff
1.2176136399165098,1,1,2016,2016-01-01,882682484dfffff
0.9255231790711705,1,1,2016,2016-01-01,8826824851fffff
0.9455295845438914,1,1,2016,2016-01-01,8826824853fffff
0.9014572243335855,1,1,2016,2016-01-01,8826824855fffff
0.8762606221900389,1,1,2016,2016-01-01,8826824857fffff
0.9233812457426103,1,1,2016,2016-01-01,8826824859fffff
0.8820969468088942,1,1,2016,2016-01-01,882682485bfffff
0.9750090938950163,1,1,2016,2016-01-01,882682485dfffff
1.143810968109572,1,1,2016,2016-01-01,8826824861fffff
1.0917444274731665,1,1,2016,2016-01-01,8826824863fffff
1.2373614719829156,1,1,2016,2016-01-01,8826824865fffff
1.049986606726217,1,1,2016,2016-01-01,8826824867fffff
1.2909883042454608,1,1,2016,2016-01-01,8826824869fffff
1.1015559457389121,1,1,2016,2016-01-01,882682486bfffff
1.354673500573754,1,1,2016,2016-01-01,882682486dfffff
0.7547224904393631,1,1,2016,2016-01-01,8826824881fffff
0.7341103255017088,1,1,2016,2016-01-01,8826824883fffff
0.7385645722925851,1,1,2016,2016-01-01,8826824885fffff
0.6964883637409969,1,1,2016,2016-01-01,8826824887fffff
0.7136665876312991,1,1,2016,2016-01-01,8826824889fffff
0.785024056124439,1,1,2016,2016-01-01,882682488dfffff
0.702551262367473,1,1,2016,2016-01-01,88268248a1fffff
0.8712913635274676,1,1,2016,2016-01-01,88268248a3fffff
0.759397196883887,1,1,2016,2016-01-01,88268248a5fffff
0.7966654312790011,1,1,2016,2016-01-01,88268248a7fffff
0.7266405352548859,1,1,2016,2016-01-01,88268248a9fffff
0.7872373955747174,1,1,2016,2016-01-01,88268248abfffff
0.9290721797166565,1,1,2016,2016-01-01,88268248adfffff
0.7932756556599508,1,1,2016,2016-01-01,88268248b1fffff
0.7827868255155457,1,1,2016,2016-01-01,88268248b3fffff
0.8392675988947619,1,1,2016,2016-01-01,88268248b5fffff
0.8035489798815065,1,1,2016,2016-01-01,88268248b7fffff
0.7179452322142478,1,1,2016,2016-01-01,88268248b9fffff
0.8191150025049552,1,1,2016,2016-01-01,88268248bdfffff
0.8631463650369757,1,1,2016,2016-01-01,88268248c1fffff
0.7578827438419051,1,1,2016,2016-01-01,88268248c3fffff
0.8190096777874709,1,1,2016,2016-01-01,88268248c5fffff
0.7674765866512347,1,1,2016,2016-01-01,88268248c7fffff
0.8378042220096896,1,1,2016,2016-01-01,88268248c9fffff
0.7699912416224183,1,1,2016,2016-01-01,88268248cdfffff
0.9371936675571046,1,1,2016,2016-01-01,88268248e1fffff
0.9319256939100147,1,1,2016,2016-01-01,88268248e3fffff
0.8705005448360384,1,1,2016,2016-01-01,88268248e5fffff
0.7779549759595941,1,1,2016,2016-01-01,88268248e7fffff
1.09661076239279,1,1,2016,2016-01-01,88268248e9fffff
0.987147027600683,1,1,2016,2016-01-01,88268248ebfffff
0.8934892269054019,1,1,2016,2016-01-01,88268248edfffff
2.775285695724291,1,1,2016,2016-01-01,8826824901fffff
3.0614957072766775,1,1,2016,2016-01-01,8826824903fffff
2.4919852781465037,1,1,2016,2016-01-01,8826824905fffff
2.307557109291432,1,1,2016,2016-01-01,8826824907fffff
2.4973553484031448,1,1,2016,2016-01-01,8826824909fffff
2.2913023035389504,1,1,2016,2016-01-01,882682490bfffff
2.357744398423181,1,1,2016,2016-01-01,882682490dfffff
1.5454019893384685,1,1,2016,2016-01-01,8826824911fffff
1.3215245988287974,1,1,2016,2016-01-01,8826824913fffff
2.001920583218392,1,1,2016,2016-01-01,8826824915fffff
2.077713314739247,1,1,2016,2016-01-01,8826824917fffff
1.6406460787582031,1,1,2016,2016-01-01,8826824919fffff
1.3797253748819678,1,1,2016,2016-01-01,882682491bfffff
1.9949401317755726,1,1,2016,2016-01-01,882682491dfffff
1.9242354622164657,1,1,2016,2016-01-01,8826824921fffff
1.436508096274734,1,1,2016,2016-01-01,8826824923fffff
1.9785880282695898,1,1,2016,2016-01-01,8826824925fffff
1.8562224870404866,1,1,2016,2016-01-01,8826824927fffff
2.4541770558040605,1,1,2016,2016-01-01,8826824929fffff
2.7006304875809652,1,1,2016,2016-01-01,882682492bfffff
1.4550897298155023,1,1,2016,2016-01-01,882682492dfffff
2.455617124730791,1,1,2016,2016-01-01,8826824931fffff
2.7917226492490954,1,1,2016,2016-01-01,8826824933fffff
1.2904917253571628,1,1,2016,2016-01-01,8826824935fffff
2.708062430971057,1,1,2016,2016-01-01,8826824937fffff
2.2217190750832647,1,1,2016,2016-01-01,8826824939fffff
2.065042698718089,1,1,2016,2016-01-01,882682493bfffff
1.6708907768508108,1,1,2016,2016-01-01,882682493dfffff
2.8283885925775145,1,1,2016,2016-01-01,8826824941fffff
2.893411341215516,1,1,2016,2016-01-01,8826824943fffff
3.2982005964488605,1,1,2016,2016-01-01,8826824945fffff
2.9821645423204095,1,1,2016,2016-01-01,8826824947fffff
2.725868321710527,1,1,2016,2016-01-01,8826824949fffff
2.4603802141534183,1,1,2016,2016-01-01,882682494bfffff
2.422141455144899,1,1,2016,2016-01-01,882682494dfffff
1.5664182754253968,1,1,2016,2016-01-01,8826824951fffff
1.6469775443775378,1,1,2016,2016-01-01,8826824953fffff
1.7486060419090999,1,1,2016,2016-01-01,8826824955fffff
1.782720476870328,1,1,2016,2016-01-01,8826824957fffff
1.3286703383770542,1,1,2016,2016-01-01,8826824959fffff
1.504205810915383,1,1,2016,2016-01-01,882682495bfffff
1.9655221128128044,1,1,2016,2016-01-01,882682495dfffff
1.6611068703371545,1,1,2016,2016-01-01,8826824961fffff
1.6650888843746878,1,1,2016,2016-01-01,8826824963fffff
2.9043510795947833,1,1,2016,2016-01-01,8826824965fffff
1.661286748238902,1,1,2016,2016-01-01,8826824967fffff
2.9317367469555977,1,1,2016,2016-01-01,8826824969fffff
1.9460812193382988,1,1,2016,2016-01-01,882682496bfffff
2.9499592182770566,1,1,2016,2016-01-01,882682496dfffff
1.2649999367446663,1,1,2016,2016-01-01,8826824981fffff
0.9643881215322112,1,1,2016,2016-01-01,8826824983fffff
1.6353874342267471,1,1,2016,2016-01-01,8826824985fffff
1.3442601868840254,1,1,2016,2016-01-01,8826824987fffff
1.244231707894592,1,1,2016,2016-01-01,8826824989fffff
0.9917932761373989,1,1,2016,2016-01-01,882682498bfffff
1.4202123150511068,1,1,2016,2016-01-01,882682498dfffff
0.964061355827376,1,1,2016,2016-01-01,8826824991fffff
0.9653936063015361,1,1,2016,2016-01-01,8826824993fffff
1.1617943344532735,1,1,2016,2016-01-01,8826824995fffff
1.1592837366251258,1,1,2016,2016-01-01,8826824997fffff
0.8440381034378964,1,1,2016,2016-01-01,8826824999fffff
0.7854436475006585,1,1,2016,2016-01-01,882682499bfffff
1.1337001083585603,1,1,2016,2016-01-01,882682499dfffff
1.8378121751528333,1,1,2016,2016-01-01,88268249a1fffff
1.0424779486753253,1,1,2016,2016-01-01,88268249a3fffff
1.9894395063084214,1,1,2016,2016-01-01,88268249a5fffff
1.803449036306924,1,1,2016,2016-01-01,88268249a7fffff
1.8484302370942425,1,1,2016,2016-01-01,88268249a9fffff
1.5672504850581785,1,1,2016,2016-01-01,88268249abfffff
2.200453498203072,1,1,2016,2016-01-01,88268249adfffff
0.9873408541774169,1,1,2016,2016-01-01,88268249b1fffff
1.0992805577151668,1,1,2016,2016-01-01,88268249b3fffff
0.9634266808607612,1,1,2016,2016-01-01,88268249b5fffff
1.1375809539498285,1,1,2016,2016-01-01,88268249b7fffff
1.1487172286626208,1,1,2016,2016-01-01,88268249b9fffff
1.0612499485688702,1,1,2016,2016-01-01,88268249bbfffff
0.9853399877313277,1,1,2016,2016-01-01,88268249bdfffff
1.2354600734145427,1,1,2016,2016-01-01,88268249c1fffff
1.155034904593768,1,1,2016,2016-01-01,88268249c3fffff
1.6076004115466076,1,1,2016,2016-01-01,88268249c5fffff
1.3256907268002893,1,1,2016,2016-01-01,88268249c7fffff
1.093215447851323,1,1,2016,2016-01-01,88268249c9fffff
0.956865368759594,1,1,2016,2016-01-01,88268249cbfffff
1.319016546516325,1,1,2016,2016-01-01,88268249cdfffff
0.7833995384939201,1,1,2016,2016-01-01,88268249d1fffff
1.0136576099800487,1,1,2016,2016-01-01,88268249d3fffff
1.0277992292197544,1,1,2016,2016-01-01,88268249d5fffff
0.8349125885880192,1,1,2016,2016-01-01,88268249d7fffff
0.8706146485976997,1,1,2016,2016-01-01,88268249d9fffff
1.0199026253283712,1,1,2016,2016-01-01,88268249dbfffff
0.8562851965646445,1,1,2016,2016-01-01,88268249ddfffff
2.596831258246638,1,1,2016,2016-01-01,88268249e1fffff
2.060215901753236,1,1,2016,2016-01-01,88268249e3fffff
2.6424966495968585,1,1,2016,2016-01-01,88268249e5fffff
2.4409031273365156,1,1,2016,2016-01-01,88268249e7fffff
1.9191422367479651,1,1,2016,2016-01-01,88268249e9fffff
1.5832202674818419,1,1,2016,2016-01-01,88268249ebfffff
2.399677382024739,1,1,2016,2016-01-01,88268249edfffff
0.9661951756934329,1,1,2016,2016-01-01,8826824a01fffff
1.0188926863382033,1,1,2016,2016-01-01,8826824a03fffff
0.8388487607771288,1,1,2016,2016-01-01,8826824a05fffff
0.8629707599046547,1,1,2016,2016-01-01,8826824a07fffff
1.4713435525178926,1,1,2016,2016-01-01,8826824a09fffff
1.1667972187954128,1,1,2016,2016-01-01,8826824a0bfffff
1.461127988959228,1,1,2016,2016-01-01,8826824a0dfffff
0.886450359164287,1,1,2016,2016-01-01,8826824a11fffff
0.8808592267107486,1,1,2016,2016-01-01,8826824a15fffff
0.8352451675926454,1,1,2016,2016-01-01,8826824a17fffff
0.9916313054173129,1,1,2016,2016-01-01,8826824a1dfffff
1.7108029314693733,1,1,2016,2016-01-01,8826824a21fffff
1.36263253369663,1,1,2016,2016-01-01,8826824a23fffff
1.247019337539669,1,1,2016,2016-01-01,8826824a25fffff
1.3807011348961067,1,1,2016,2016-01-01,8826824a27fffff
1.2881126133429146,1,1,2016,2016-01-01,8826824a29fffff
1.0239989846427189,1,1,2016,2016-01-01,8826824a2bfffff
1.6595159051130406,1,1,2016,2016-01-01,8826824a2dfffff
1.0653143147715989,1,1,2016,2016-01-01,8826824a31fffff
1.051170557350816,1,1,2016,2016-01-01,8826824a33fffff
1.3198238485407898,1,1,2016,2016-01-01,8826824a35fffff
1.028504931875619,1,1,2016,2016-01-01,8826824a37fffff
0.9297619509290467,1,1,2016,2016-01-01,8826824a39fffff
0.829060841334252,1,1,2016,2016-01-01,8826824a3bfffff
1.1374345125434322,1,1,2016,2016-01-01,8826824a3dfffff
1.273662029663301,1,1,2016,2016-01-01,8826824a41fffff
1.506664726317776,1,1,2016,2016-01-01,8826824a43fffff
1.3337788577596876,1,1,2016,2016-01-01,8826824a45fffff
1.19512144835951,1,1,2016,2016-01-01,8826824a47fffff
1.24215980096645,1,1,2016,2016-01-01,8826824a49fffff
1.3387179326673282,1,1,2016,2016-01-01,8826824a4bfffff
1.611782473044769,1,1,2016,2016-01-01,8826824a4dfffff
1.3253989078007538,1,1,2016,2016-01-01,8826824a51fffff
1.0903726361048525,1,1,2016,2016-01-01,8826824a55fffff
1.0893852220494253,1,1,2016,2016-01-01,8826824a57fffff
1.6455111485143026,1,1,2016,2016-01-01,8826824a5dfffff
1.279197723457481,1,1,2016,2016-01-01,8826824a61fffff
1.3857484361348416,1,1,2016,2016-01-01,8826824a63fffff
1.5928657298563158,1,1,2016,2016-01-01,8826824a65fffff
1.144005238721011,1,1,2016,2016-01-01,8826824a67fffff
1.2684257093675169,1,1,2016,2016-01-01,8826824a69fffff
1.193866963297807,1,1,2016,2016-01-01,8826824a6bfffff
1.8776147001880121,1,1,2016,2016-01-01,8826824a6dfffff
0.847316061027396,1,1,2016,2016-01-01,8826824aa1fffff
0.9374099571021011,1,1,2016,2016-01-01,8826824aa5fffff
0.8424870246131926,1,1,2016,2016-01-01,8826824aa7fffff
0.8355012894307036,1,1,2016,2016-01-01,8826824aa9fffff
0.8510615856545218,1,1,2016,2016-01-01,8826824aadfffff
0.8381249451095019,1,1,2016,2016-01-01,8826824ae1fffff
0.8297737361176972,1,1,2016,2016-01-01,8826824ae5fffff
0.8140397999945548,1,1,2016,2016-01-01,8826824ae7fffff
0.9268661646963896,1,1,2016,2016-01-01,8826824aedfffff
2.7166648821682413,1,1,2016,2016-01-01,8826824b01fffff
1.634854252069339,1,1,2016,2016-01-01,8826824b03fffff
3.032081988179071,1,1,2016,2016-01-01,8826824b05fffff
1.9828864704296671,1,1,2016,2016-01-01,8826824b07fffff
2.6061013576363585,1,1,2016,2016-01-01,8826824b09fffff
1.3621203351994335,1,1,2016,2016-01-01,8826824b0bfffff
2.452319330273199,1,1,2016,2016-01-01,8826824b0dfffff
1.207154305721825,1,1,2016,2016-01-01,8826824b11fffff
1.0955674795978487,1,1,2016,2016-01-01,8826824b13fffff
1.3001370506457324,1,1,2016,2016-01-01,8826824b15fffff
1.2142221167628924,1,1,2016,2016-01-01,8826824b17fffff
1.3456027937565223,1,1,2016,2016-01-01,8826824b19fffff
1.2204541093019123,1,1,2016,2016-01-01,8826824b1bfffff
1.3016355539403586,1,1,2016,2016-01-01,8826824b1dfffff
1.8473014920105564,1,1,2016,2016-01-01,8826824b21fffff
2.3811547225932115,1,1,2016,2016-01-01,8826824b23fffff
2.2286233473578383,1,1,2016,2016-01-01,8826824b25fffff
1.8719762318728184,1,1,2016,2016-01-01,8826824b27fffff
1.4602005201906836,1,1,2016,2016-01-01,8826824b29fffff
1.902088995027181,1,1,2016,2016-01-01,8826824b2bfffff
3.999713252719134,1,1,2016,2016-01-01,8826824b2dfffff
1.543221240584306,1,1,2016,2016-01-01,8826824b31fffff
1.4423008287055803,1,1,2016,2016-01-01,8826824b33fffff
2.243835071891356,1,1,2016,2016-01-01,8826824b35fffff
1.4104066831271251,1,1,2016,2016-01-01,8826824b37fffff
1.4465920812459006,1,1,2016,2016-01-01,8826824b39fffff
1.390716947813598,1,1,2016,2016-01-01,8826824b3bfffff
1.67833444433986,1,1,2016,2016-01-01,8826824b3dfffff
2.319964464558186,1,1,2016,2016-01-01,8826824b41fffff
1.6017290029345186,1,1,2016,2016-01-01,8826824b43fffff
3.1218473429715847,1,1,2016,2016-01-01,8826824b45fffff
2.57445642285683,1,1,2016,2016-01-01,8826824b47fffff
2.4866429495753315,1,1,2016,2016-01-01,8826824b49fffff
2.246736854224265,1,1,2016,2016-01-01,8826824b4bfffff
2.6796189699712736,1,1,2016,2016-01-01,8826824b4dfffff
1.6143356005467984,1,1,2016,2016-01-01,8826824b51fffff
1.4289968957896388,1,1,2016,2016-01-01,8826824b53fffff
1.6639437499639187,1,1,2016,2016-01-01,8826824b55fffff
1.3804765792088287,1,1,2016,2016-01-01,8826824b57fffff
2.2189336103764634,1,1,2016,2016-01-01,8826824b59fffff
2.092318752155544,1,1,2016,2016-01-01,8826824b5bfffff
1.8267482657701957,1,1,2016,2016-01-01,8826824b5dfffff
2.1473252306416115,1,1,2016,2016-01-01,8826824b61fffff
2.2415044950909793,1,1,2016,2016-01-01,8826824b63fffff
2.2443701355716317,1,1,2016,2016-01-01,8826824b65fffff
3.029772197990635,1,1,2016,2016-01-01,8826824b67fffff
3.9055423052847402,1,1,2016,2016-01-01,8826824b69fffff
2.8884839085762333,1,1,2016,2016-01-01,8826824b6bfffff
3.8186004520810126,1,1,2016,2016-01-01,8826824b6dfffff
3.295334679488823,1,1,2016,2016-01-01,8826825801fffff
3.054714044565396,1,1,2016,2016-01-01,8826825803fffff
3.30176653291725,1,1,2016,2016-01-01,8826825805fffff
3.0944627598105816,1,1,2016,2016-01-01,8826825807fffff
3.548084550884977,1,1,2016,2016-01-01,8826825809fffff
3.274041722965863,1,1,2016,2016-01-01,882682580bfffff
3.2364241668725127,1,1,2016,2016-01-01,882682580dfffff
3.096026094527912,1,1,2016,2016-01-01,8826825811fffff
3.4911012088341984,1,1,2016,2016-01-01,8826825813fffff
2.980832993361496,1,1,2016,2016-01-01,8826825815fffff
2.9596776448452937,1,1,2016,2016-01-01,8826825817fffff
3.2358083731889065,1,1,2016,2016-01-01,8826825819fffff
3.5835499813046017,1,1,2016,2016-01-01,882682581bfffff
3.010067886707037,1,1,2016,2016-01-01,882682581dfffff
3.187865985778684,1,1,2016,2016-01-01,8826825821fffff
2.8716606888987455,1,1,2016,2016-01-01,8826825823fffff
3.490963457432431,1,1,2016,2016-01-01,8826825825fffff
3.0314782943956198,1,1,2016,2016-01-01,8826825827fffff
3.3237098121241617,1,1,2016,2016-01-01,8826825829fffff
3.2332212098521995,1,1,2016,2016-01-01,882682582bfffff
3.4049741027865115,1,1,2016,2016-01-01,882682582dfffff
2.938987406893558,1,1,2016,2016-01-01,8826825831fffff
2.856978022387758,1,1,2016,2016-01-01,8826825833fffff
2.719106957969232,1,1,2016,2016-01-01,8826825835fffff
2.831232224322834,1,1,2016,2016-01-01,8826825837fffff
2.91480679889283,1,1,2016,2016-01-01,8826825839fffff
2.8972243911048183,1,1,2016,2016-01-01,882682583bfffff
2.8165032877168494,1,1,2016,2016-01-01,882682583dfffff
3.3255901546159277,1,1,2016,2016-01-01,8826825841fffff
3.5108482619291115,1,1,2016,2016-01-01,8826825843fffff
2.993269978327863,1,1,2016,2016-01-01,8826825845fffff
3.2516727516996076,1,1,2016,2016-01-01,8826825847fffff
3.3931522998677455,1,1,2016,2016-01-01,8826825849fffff
3.3321332603419105,1,1,2016,2016-01-01,882682584bfffff
3.3632911450561798,1,1,2016,2016-01-01,882682584dfffff
3.7512168728267303,1,1,2016,2016-01-01,8826825851fffff
3.5884539157959554,1,1,2016,2016-01-01,8826825853fffff
3.3659500022472075,1,1,2016,2016-01-01,8826825855fffff
3.288941718709946,1,1,2016,2016-01-01,8826825857fffff
3.8422126104903493,1,1,2016,2016-01-01,8826825859fffff
4.0071118095118905,1,1,2016,2016-01-01,882682585bfffff
3.4653076998224828,1,1,2016,2016-01-01,882682585dfffff
3.733636036609899,1,1,2016,2016-01-01,8826825861fffff
3.4602932820883057,1,1,2016,2016-01-01,8826825863fffff
3.9345163239396514,1,1,2016,2016-01-01,8826825865fffff
3.5656563765314693,1,1,2016,2016-01-01,8826825867fffff
1.9358764761483844,1,1,2016,2016-01-01,8826825869fffff
3.257383576820282,1,1,2016,2016-01-01,882682586bfffff
3.559539255980632,1,1,2016,2016-01-01,882682586dfffff
1.9427313390593142,1,1,2016,2016-01-01,8826825885fffff
1.6179427271327471,1,1,2016,2016-01-01,8826825887fffff
2.323024868989192,1,1,2016,2016-01-01,882682588dfffff
2.4439101412015574,1,1,2016,2016-01-01,88268258a1fffff
1.5011010683156734,1,1,2016,2016-01-01,88268258a3fffff
2.3085248738575115,1,1,2016,2016-01-01,88268258a5fffff
1.6493385987252152,1,1,2016,2016-01-01,88268258a7fffff
2.2330655610843047,1,1,2016,2016-01-01,88268258a9fffff
1.956954817390929,1,1,2016,2016-01-01,88268258abfffff
2.1675287811400796,1,1,2016,2016-01-01,88268258adfffff
1.2416198254465711,1,1,2016,2016-01-01,88268258b5fffff
1.4435287612742096,1,1,2016,2016-01-01,88268258b7fffff
1.4064903601060146,1,1,2016,2016-01-01,88268258bdfffff
3.1107781174291205,1,1,2016,2016-01-01,88268258c5fffff
2.422606818214059,1,1,2016,2016-01-01,88268258c7fffff
3.7922858827583577,1,1,2016,2016-01-01,88268258cdfffff
2.7891139881398335,1,1,2016,2016-01-01,88268258e1fffff
2.4858438650371273,1,1,2016,2016-01-01,88268258e3fffff
2.5364410025544615,1,1,2016,2016-01-01,88268258e5fffff
2.343484279613462,1,1,2016,2016-01-01,88268258e7fffff
3.0601017020585544,1,1,2016,2016-01-01,88268258e9fffff
2.793559280640875,1,1,2016,2016-01-01,88268258ebfffff
2.870077827458261,1,1,2016,2016-01-01,88268258edfffff
3.566470716172443,1,1,2016,2016-01-01,8826825901fffff
3.3322830955557494,1,1,2016,2016-01-01,8826825903fffff
3.795202558745751,1,1,2016,2016-01-01,8826825905fffff
3.3992684238846542,1,1,2016,2016-01-01,8826825907fffff
3.545697308984075,1,1,2016,2016-01-01,8826825909fffff
3.3688008528711064,1,1,2016,2016-01-01,882682590bfffff
4.050904161624309,1,1,2016,2016-01-01,882682590dfffff
3.436403882267363,1,1,2016,2016-01-01,8826825911fffff
3.212836922304569,1,1,2016,2016-01-01,8826825913fffff
3.3998868734314254,1,1,2016,2016-01-01,8826825915fffff
3.449860653583899,1,1,2016,2016-01-01,8826825917fffff
3.684963734894856,1,1,2016,2016-01-01,8826825919fffff
3.020892029209802,1,1,2016,2016-01-01,882682591bfffff
3.606094715144583,1,1,2016,2016-01-01,882682591dfffff
4.117670001053661,1,1,2016,2016-01-01,8826825921fffff
3.129091450829242,1,1,2016,2016-01-01,8826825923fffff
4.8568347234471405,1,1,2016,2016-01-01,8826825925fffff
3.4944731891944065,1,1,2016,2016-01-01,8826825927fffff
4.107099949604773,1,1,2016,2016-01-01,8826825929fffff
3.7903633550800504,1,1,2016,2016-01-01,882682592bfffff
4.163753579296875,1,1,2016,2016-01-01,882682592dfffff
3.5204642815318907,1,1,2016,2016-01-01,8826825931fffff
3.345426361220456,1,1,2016,2016-01-01,8826825933fffff
3.3207031247714136,1,1,2016,2016-01-01,8826825935fffff
2.743505253271386,1,1,2016,2016-01-01,8826825937fffff
3.3295225042945926,1,1,2016,2016-01-01,8826825939fffff
3.6096540378656585,1,1,2016,2016-01-01,882682593bfffff
3.598698203125755,1,1,2016,2016-01-01,882682593dfffff
4.572942170538914,1,1,2016,2016-01-01,8826825941fffff
2.811521452765389,1,1,2016,2016-01-01,8826825943fffff
3.620061398810556,1,1,2016,2016-01-01,8826825945fffff
4.245150405503012,1,1,2016,2016-01-01,8826825947fffff
3.908053512931259,1,1,2016,2016-01-01,8826825949fffff
4.237966755444669,1,1,2016,2016-01-01,882682594bfffff
3.6882172829672557,1,1,2016,2016-01-01,882682594dfffff
3.5060278007735532,1,1,2016,2016-01-01,8826825951fffff
3.6890955515079957,1,1,2016,2016-01-01,8826825953fffff
3.1643299092788446,1,1,2016,2016-01-01,8826825955fffff
3.632544793437579,1,1,2016,2016-01-01,8826825957fffff
3.748849666907028,1,1,2016,2016-01-01,8826825959fffff
3.691653420485682,1,1,2016,2016-01-01,882682595bfffff
3.1955095277503522,1,1,2016,2016-01-01,882682595dfffff
3.6625250252710333,1,1,2016,2016-01-01,8826825961fffff
4.04789639751562,1,1,2016,2016-01-01,8826825963fffff
3.603333505592745,1,1,2016,2016-01-01,8826825965fffff
3.8328900103911367,1,1,2016,2016-01-01,8826825967fffff
2.528947889946853,1,1,2016,2016-01-01,8826825969fffff
4.360699332264015,1,1,2016,2016-01-01,882682596bfffff
3.001582587716675,1,1,2016,2016-01-01,882682596dfffff
2.248631303462503,1,1,2016,2016-01-01,8826825981fffff
2.282403335222586,1,1,2016,2016-01-01,8826825983fffff
2.3243175382729566,1,1,2016,2016-01-01,8826825985fffff
2.5720427754860644,1,1,2016,2016-01-01,8826825987fffff
2.4764730059981312,1,1,2016,2016-01-01,8826825989fffff
1.6511488867028592,1,1,2016,2016-01-01,882682598bfffff
3.0478661036273116,1,1,2016,2016-01-01,882682598dfffff
2.3096559299617176,1,1,2016,2016-01-01,8826825991fffff
1.734287032465662,1,1,2016,2016-01-01,8826825993fffff
2.195443829069627,1,1,2016,2016-01-01,8826825995fffff
1.9169038279890998,1,1,2016,2016-01-01,8826825997fffff
2.234260957407839,1,1,2016,2016-01-01,8826825999fffff
2.209337776933423,1,1,2016,2016-01-01,882682599bfffff
2.282969955179443,1,1,2016,2016-01-01,882682599dfffff
2.533015478526196,1,1,2016,2016-01-01,88268259a1fffff
2.6997569684101013,1,1,2016,2016-01-01,88268259a3fffff
3.6646110391270375,1,1,2016,2016-01-01,88268259a5fffff
2.886782567341094,1,1,2016,2016-01-01,88268259a7fffff
3.242177810465341,1,1,2016,2016-01-01,88268259a9fffff
2.8243208161984765,1,1,2016,2016-01-01,88268259abfffff
3.789597424893604,1,1,2016,2016-01-01,88268259adfffff
2.2180928252031427,1,1,2016,2016-01-01,88268259b1fffff
1.8304510352074652,1,1,2016,2016-01-01,88268259b3fffff
3.0762973284508908,1,1,2016,2016-01-01,88268259b5fffff
2.5347916984741254,1,1,2016,2016-01-01,88268259b7fffff
2.552887496496302,1,1,2016,2016-01-01,88268259b9fffff
2.1491167533535354,1,1,2016,2016-01-01,88268259bbfffff
3.0283414722180937,1,1,2016,2016-01-01,88268259bdfffff
3.206325314564188,1,1,2016,2016-01-01,88268259c1fffff
2.7962625414309996,1,1,2016,2016-01-01,88268259c3fffff
3.291900114768234,1,1,2016,2016-01-01,88268259c5fffff
3.2975113046914926,1,1,2016,2016-01-01,88268259c7fffff
3.223470260126796,1,1,2016,2016-01-01,88268259c9fffff
2.897546847360806,1,1,2016,2016-01-01,88268259cbfffff
3.2244843717012506,1,1,2016,2016-01-01,88268259cdfffff
2.3689233340359475,1,1,2016,2016-01-01,88268259d1fffff
2.3710406687497967,1,1,2016,2016-01-01,88268259d3fffff
2.4114236700669345,1,1,2016,2016-01-01,88268259d5fffff
2.385359398324171,1,1,2016,2016-01-01,88268259d7fffff
2.500970038447805,1,1,2016,2016-01-01,88268259d9fffff
2.2464958335544503,1,1,2016,2016-01-01,88268259dbfffff
2.659529533392406,1,1,2016,2016-01-01,88268259ddfffff
3.0956770876263384,1,1,2016,2016-01-01,88268259e1fffff
2.972825168545179,1,1,2016,2016-01-01,88268259e3fffff
2.991602480970405,1,1,2016,2016-01-01,88268259e5fffff
3.4474974009097483,1,1,2016,2016-01-01,88268259e7fffff
3.1212510536780584,1,1,2016,2016-01-01,88268259e9fffff
3.222376669263845,1,1,2016,2016-01-01,88268259ebfffff
2.964311427677066,1,1,2016,2016-01-01,88268259edfffff
3.0129539792517126,1,1,2016,2016-01-01,8826825a01fffff
2.975129224616013,1,1,2016,2016-01-01,8826825a03fffff
3.3062845448197646,1,1,2016,2016-01-01,8826825a05fffff
3.4373386154558947,1,1,2016,2016-01-01,8826825a07fffff
2.22853749988502,1,1,2016,2016-01-01,8826825a09fffff
1.8971934197784672,1,1,2016,2016-01-01,8826825a0bfffff
2.917658265568143,1,1,2016,2016-01-01,8826825a0dfffff
2.909344759630616,1,1,2016,2016-01-01,8826825a15fffff
3.2108772018319716,1,1,2016,2016-01-01,8826825a21fffff
3.539389525843333,1,1,2016,2016-01-01,8826825a23fffff
3.3691155476302246,1,1,2016,2016-01-01,8826825a25fffff
3.108436982311568,1,1,2016,2016-01-01,8826825a27fffff
3.221837715157764,1,1,2016,2016-01-01,8826825a29fffff
3.4649052465589896,1,1,2016,2016-01-01,8826825a2bfffff
3.1215914537343528,1,1,2016,2016-01-01,8826825a2dfffff
3.2636303334413266,1,1,2016,2016-01-01,8826825a31fffff
3.794320433564336,1,1,2016,2016-01-01,8826825a33fffff
3.475503963284108,1,1,2016,2016-01-01,8826825a35fffff
3.633570544523501,1,1,2016,2016-01-01,8826825a37fffff
3.1677066816559956,1,1,2016,2016-01-01,8826825a39fffff
3.1703324099214116,1,1,2016,2016-01-01,8826825a3bfffff
3.4933240525778317,1,1,2016,2016-01-01,8826825a3dfffff
2.494857762981894,1,1,2016,2016-01-01,8826825a41fffff
3.1763674645599553,1,1,2016,2016-01-01,8826825a43fffff
2.532198905371505,1,1,2016,2016-01-01,8826825a45fffff
2.9536763855565904,1,1,2016,2016-01-01,8826825a47fffff
2.696292842405244,1,1,2016,2016-01-01,8826825a49fffff
2.8708766951258693,1,1,2016,2016-01-01,8826825a4bfffff
2.6714673251331122,1,1,2016,2016-01-01,8826825a4dfffff
3.0420738789889565,1,1,2016,2016-01-01,8826825a55fffff
3.07617069770741,1,1,2016,2016-01-01,8826825a61fffff
3.0694097321431038,1,1,2016,2016-01-01,8826825a63fffff
2.767130848532471,1,1,2016,2016-01-01,8826825a65fffff
2.9822062538897733,1,1,2016,2016-01-01,8826825a67fffff
2.941635616485147,1,1,2016,2016-01-01,8826825a69fffff
3.0003024009729726,1,1,2016,2016-01-01,8826825a6bfffff
3.0074068095815694,1,1,2016,2016-01-01,8826825a6dfffff
3.4168918630917973,1,1,2016,2016-01-01,8826825aa5fffff
3.7794167175899935,1,1,2016,2016-01-01,8826825aadfffff
4.0525594330829255,1,1,2016,2016-01-01,8826825ae5fffff
4.030879960218027,1,1,2016,2016-01-01,8826825aedfffff
3.0578420905691672,1,1,2016,2016-01-01,8826825b01fffff
3.0847401390138782,1,1,2016,2016-01-01,8826825b03fffff
2.969844615866696,1,1,2016,2016-01-01,8826825b05fffff
2.960346496989935,1,1,2016,2016-01-01,8826825b07fffff
3.1128799956144437,1,1,2016,2016-01-01,8826825b09fffff
2.9209807327267674,1,1,2016,2016-01-01,8826825b0bfffff
2.9110837460704704,1,1,2016,2016-01-01,8826825b0dfffff
3.280380557163367,1,1,2016,2016-01-01,8826825b11fffff
3.3388397116646726,1,1,2016,2016-01-01,8826825b13fffff
3.4020071265060774,1,1,2016,2016-01-01,8826825b15fffff
3.3159094833539964,1,1,2016,2016-01-01,8826825b17fffff
3.422557842745588,1,1,2016,2016-01-01,8826825b19fffff
3.7173149768835696,1,1,2016,2016-01-01,8826825b1bfffff
3.040360013510847,1,1,2016,2016-01-01,8826825b1dfffff
3.309241221308538,1,1,2016,2016-01-01,8826825b21fffff
3.4532775845573753,1,1,2016,2016-01-01,8826825b23fffff
3.4251644169214495,1,1,2016,2016-01-01,8826825b25fffff
3.5898042383890814,1,1,2016,2016-01-01,8826825b27fffff
2.927941429628889,1,1,2016,2016-01-01,8826825b29fffff
3.167833044578932,1,1,2016,2016-01-01,8826825b2bfffff
3.0367158627026805,1,1,2016,2016-01-01,8826825b2dfffff
3.3058998121160585,1,1,2016,2016-01-01,8826825b31fffff
3.4885301984042547,1,1,2016,2016-01-01,8826825b33fffff
3.2180197345715604,1,1,2016,2016-01-01,8826825b35fffff
3.545770561202479,1,1,2016,2016-01-01,8826825b37fffff
3.0930973561830815,1,1,2016,2016-01-01,8826825b39fffff
3.614226010083431,1,1,2016,2016-01-01,8826825b3bfffff
3.1488802743351587,1,1,2016,2016-01-01,8826825b3dfffff
2.87740253834135,1,1,2016,2016-01-01,8826825b41fffff
3.056022568021408,1,1,2016,2016-01-01,8826825b43fffff
3.09408117461483,1,1,2016,2016-01-01,8826825b45fffff
2.974986319405751,1,1,2016,2016-01-01,8826825b47fffff
2.770915289656271,1,1,2016,2016-01-01,8826825b49fffff
2.8689894589409817,1,1,2016,2016-01-01,8826825b4bfffff
2.914524662498119,1,1,2016,2016-01-01,8826825b4dfffff
3.048798920317359,1,1,2016,2016-01-01,8826825b51fffff
3.3543914299914954,1,1,2016,2016-01-01,8826825b53fffff
3.187716365886941,1,1,2016,2016-01-01,8826825b55fffff
2.8920922166495546,1,1,2016,2016-01-01,8826825b57fffff
2.7671484770350965,1,1,2016,2016-01-01,8826825b59fffff
2.9531328730254267,1,1,2016,2016-01-01,8826825b5bfffff
2.834903274452791,1,1,2016,2016-01-01,8826825b5dfffff
3.0708086991192474,1,1,2016,2016-01-01,8826825b61fffff
2.6935596271544595,1,1,2016,2016-01-01,8826825b63fffff
2.9869024410387692,1,1,2016,2016-01-01,8826825b65fffff
2.780580951493283,1,1,2016,2016-01-01,8826825b67fffff
3.1039995709840262,1,1,2016,2016-01-01,8826825b69fffff
2.964392031967286,1,1,2016,2016-01-01,8826825b6bfffff
3.101897569539413,1,1,2016,2016-01-01,8826825b6dfffff
1.4364375289283224,1,1,2016,2016-01-01,8826864821fffff
1.417348958781446,1,1,2016,2016-01-01,8826864823fffff
1.315051420379317,1,1,2016,2016-01-01,8826864825fffff
1.5454342880040615,1,1,2016,2016-01-01,8826864827fffff
1.5089180079157116,1,1,2016,2016-01-01,8826864829fffff
1.0968480913551377,1,1,2016,2016-01-01,882686482dfffff
1.680478786638214,1,1,2016,2016-01-01,8826864861fffff
1.293729668741664,1,1,2016,2016-01-01,8826864865fffff
1.0156744539587563,1,1,2016,2016-01-01,8826864867fffff
0.979052560478255,1,1,2016,2016-01-01,8826864869fffff
1.0515451085246565,1,1,2016,2016-01-01,882686486dfffff
2.2828405038015935,1,1,2016,2016-01-01,8826864901fffff
2.0093955117659554,1,1,2016,2016-01-01,8826864903fffff
1.4003791854686398,1,1,2016,2016-01-01,8826864905fffff
1.4496089349448484,1,1,2016,2016-01-01,8826864907fffff
2.2167078862402416,1,1,2016,2016-01-01,8826864909fffff
2.3480580410723473,1,1,2016,2016-01-01,882686490bfffff
2.6856316418275274,1,1,2016,2016-01-01,882686490dfffff
1.6452212021383346,1,1,2016,2016-01-01,8826864911fffff
1.1777956662554958,1,1,2016,2016-01-01,8826864913fffff
1.0579340017201928,1,1,2016,2016-01-01,8826864915fffff
1.2152954061636803,1,1,2016,2016-01-01,8826864917fffff
1.3238486258405346,1,1,2016,2016-01-01,8826864919fffff
1.831922938603857,1,1,2016,2016-01-01,882686491bfffff
1.8385874613546707,1,1,2016,2016-01-01,882686491dfffff
1.0763033521484964,1,1,2016,2016-01-01,8826864921fffff
1.0734310292403724,1,1,2016,2016-01-01,8826864923fffff
1.0945089799631853,1,1,2016,2016-01-01,8826864925fffff
0.8680116651927549,1,1,2016,2016-01-01,8826864927fffff
1.2003777702970877,1,1,2016,2016-01-01,8826864929fffff
1.1318027940509543,1,1,2016,2016-01-01,882686492bfffff
1.1186589240836038,1,1,2016,2016-01-01,882686492dfffff
1.1880842096567013,1,1,2016,2016-01-01,8826864931fffff
0.9770237831646909,1,1,2016,2016-01-01,8826864933fffff
1.0798959214466755,1,1,2016,2016-01-01,8826864935fffff
0.9943763787601585,1,1,2016,2016-01-01,8826864937fffff
1.306050470200372,1,1,2016,2016-01-01,8826864939fffff
1.2638182601702614,1,1,2016,2016-01-01,882686493bfffff
1.2079708305262606,1,1,2016,2016-01-01,882686493dfffff
2.012949797181428,1,1,2016,2016-01-01,8826864941fffff
2.77112199331344,1,1,2016,2016-01-01,8826864943fffff
2.554030510637706,1,1,2016,2016-01-01,8826864945fffff
3.273309368522622,1,1,2016,2016-01-01,8826864947fffff
1.0816444946764787,1,1,2016,2016-01-01,8826864949fffff
2.066288010499389,1,1,2016,2016-01-01,882686494bfffff
1.7520554884484696,1,1,2016,2016-01-01,882686494dfffff
0.9289851984259356,1,1,2016,2016-01-01,8826864951fffff
0.902065749820093,1,1,2016,2016-01-01,8826864953fffff
1.2847585284343146,1,1,2016,2016-01-01,8826864955fffff
0.9838727885687111,1,1,2016,2016-01-01,8826864957fffff
1.3807785490486149,1,1,2016,2016-01-01,8826864959fffff
0.9267143788248976,1,1,2016,2016-01-01,882686495bfffff
1.9915384004490742,1,1,2016,2016-01-01,882686495dfffff
2.161600497504003,1,1,2016,2016-01-01,8826864961fffff
1.523306340886843,1,1,2016,2016-01-01,8826864963fffff
1.6451241914899914,1,1,2016,2016-01-01,8826864965fffff
1.3955026458203494,1,1,2016,2016-01-01,8826864967fffff
1.5643204195594904,1,1,2016,2016-01-01,8826864969fffff
2.045621907330378,1,1,2016,2016-01-01,882686496bfffff
2.545692759949237,1,1,2016,2016-01-01,882686496dfffff
1.0280891031614545,1,1,2016,2016-01-01,8826864981fffff
1.0493740860728196,1,1,2016,2016-01-01,8826864983fffff
0.7735223276683286,1,1,2016,2016-01-01,8826864985fffff
1.1464976599474288,1,1,2016,2016-01-01,8826864987fffff
1.0106899830640494,1,1,2016,2016-01-01,8826864989fffff
0.8980158407735328,1,1,2016,2016-01-01,882686498bfffff
1.1528047868711195,1,1,2016,2016-01-01,882686498dfffff
0.6602053629248265,1,1,2016,2016-01-01,88268649a1fffff
0.7276951547235591,1,1,2016,2016-01-01,88268649a3fffff
0.6897406535041543,1,1,2016,2016-01-01,88268649a5fffff
0.702118083295465,1,1,2016,2016-01-01,88268649a7fffff
0.6776077665863314,1,1,2016,2016-01-01,88268649a9fffff
0.7633510419382267,1,1,2016,2016-01-01,88268649abfffff
0.6649933709223833,1,1,2016,2016-01-01,88268649adfffff
0.9338771776673502,1,1,2016,2016-01-01,88268649b1fffff
1.2835348500950203,1,1,2016,2016-01-01,88268649b3fffff
0.8350102432176126,1,1,2016,2016-01-01,88268649b5fffff
0.8867747670439063,1,1,2016,2016-01-01,88268649b7fffff
0.834209046696484,1,1,2016,2016-01-01,88268649b9fffff
1.1670761011849369,1,1,2016,2016-01-01,88268649bbfffff
0.7923276864477535,1,1,2016,2016-01-01,88268649bdfffff
1.0943162800147168,1,1,2016,2016-01-01,88268649c1fffff
1.0495022424082796,1,1,2016,2016-01-01,88268649c3fffff
1.2110837419169327,1,1,2016,2016-01-01,88268649c5fffff
1.2049754578570933,1,1,2016,2016-01-01,88268649c7fffff
1.3517348569290317,1,1,2016,2016-01-01,88268649c9fffff
1.2320137780991829,1,1,2016,2016-01-01,88268649cdfffff
0.9917676471324346,1,1,2016,2016-01-01,88268649e1fffff
0.9979708535231973,1,1,2016,2016-01-01,88268649e3fffff
0.9828735974296584,1,1,2016,2016-01-01,88268649e5fffff
0.7747402189948414,1,1,2016,2016-01-01,88268649e7fffff
0.7171350825722218,1,1,2016,2016-01-01,88268649e9fffff
1.0948941637684464,1,1,2016,2016-01-01,88268649ebfffff
1.2446961542587314,1,1,2016,2016-01-01,88268649edfffff
1.287999187164358,1,1,2016,2016-01-01,8826864b01fffff
1.341882080941013,1,1,2016,2016-01-01,8826864b03fffff
0.9745888272289345,1,1,2016,2016-01-01,8826864b05fffff
1.4663018615256707,1,1,2016,2016-01-01,8826864b07fffff
2.936601907316311,1,1,2016,2016-01-01,8826864b09fffff
1.4757362598416117,1,1,2016,2016-01-01,8826864b0bfffff
1.399944454270895,1,1,2016,2016-01-01,8826864b0dfffff
1.6675887153267628,1,1,2016,2016-01-01,8826864b11fffff
1.5369193308236893,1,1,2016,2016-01-01,8826864b15fffff
1.2356896253455991,1,1,2016,2016-01-01,8826864b17fffff
2.347725042816565,1,1,2016,2016-01-01,8826864b19fffff
1.800526324014779,1,1,2016,2016-01-01,8826864b1dfffff
3.7004061437988187,1,1,2016,2016-01-01,8826864b21fffff
2.818500227736994,1,1,2016,2016-01-01,8826864b23fffff
2.9834575295018664,1,1,2016,2016-01-01,8826864b25fffff
2.1574281018013806,1,1,2016,2016-01-01,8826864b27fffff
1.542298080696038,1,1,2016,2016-01-01,8826864b29fffff
2.4507883471364775,1,1,2016,2016-01-01,8826864b2bfffff
2.733024324406042,1,1,2016,2016-01-01,8826864b2dfffff
1.5820938610580506,1,1,2016,2016-01-01,8826864b31fffff
1.2601626893885063,1,1,2016,2016-01-01,8826864b33fffff
3.36383531385548,1,1,2016,2016-01-01,8826864b35fffff
2.1421105210860216,1,1,2016,2016-01-01,8826864b37fffff
1.5110566428413794,1,1,2016,2016-01-01,8826864b39fffff
1.481906699560865,1,1,2016,2016-01-01,8826864b3bfffff
2.5621344564196233,1,1,2016,2016-01-01,8826864b3dfffff
3.6940325919605517,1,1,2016,2016-01-01,8826864b41fffff
3.4145305123279828,1,1,2016,2016-01-01,8826864b43fffff
3.465571524733659,1,1,2016,2016-01-01,8826864b45fffff
2.8603045387216395,1,1,2016,2016-01-01,8826864b47fffff
4.073166526932459,1,1,2016,2016-01-01,8826864b49fffff
3.804152822061791,1,1,2016,2016-01-01,8826864b4bfffff
4.053242896790872,1,1,2016,2016-01-01,8826864b4dfffff
2.9498672628981155,1,1,2016,2016-01-01,8826864b51fffff
3.078526388161509,1,1,2016,2016-01-01,8826864b55fffff
1.4787701068532408,1,1,2016,2016-01-01,8826864b57fffff
3.460400796482135,1,1,2016,2016-01-01,8826864b5dfffff
1.9794920323738394,1,1,2016,2016-01-01,8826864b61fffff
0.9876171071566276,1,1,2016,2016-01-01,8826864b63fffff
2.007611601658626,1,1,2016,2016-01-01,8826864b65fffff
1.5644486794197043,1,1,2016,2016-01-01,8826864b67fffff
3.181487050286063,1,1,2016,2016-01-01,8826864b69fffff
2.474853302629517,1,1,2016,2016-01-01,8826864b6bfffff
2.3463279373156403,1,1,2016,2016-01-01,8826864b6dfffff
1.7819088735834883,1,1,2016,2016-01-01,8826865825fffff
1.7549342424438448,1,1,2016,2016-01-01,8826865827fffff
1.1346963567178965,1,1,2016,2016-01-01,882686582dfffff
1.3582758793802439,1,1,2016,2016-01-01,8826865865fffff
1.338573476153006,1,1,2016,2016-01-01,8826865867fffff
2.0368273946318505,1,1,2016,2016-01-01,882686586dfffff
3.024218101868877,1,1,2016,2016-01-01,8826865901fffff
2.1271441045931336,1,1,2016,2016-01-01,8826865903fffff
3.7424336988197897,1,1,2016,2016-01-01,8826865905fffff
3.4856975035669455,1,1,2016,2016-01-01,8826865907fffff
2.66134706550825,1,1,2016,2016-01-01,8826865909fffff
2.232058921644701,1,1,2016,2016-01-01,882686590bfffff
2.489200592896348,1,1,2016,2016-01-01,882686590dfffff
2.016582328098093,1,1,2016,2016-01-01,8826865911fffff
3.08075695492741,1,1,2016,2016-01-01,8826865913fffff
2.280981573265774,1,1,2016,2016-01-01,8826865915fffff
3.082634391281117,1,1,2016,2016-01-01,8826865917fffff
2.51848101296234,1,1,2016,2016-01-01,8826865919fffff
2.2262530324615697,1,1,2016,2016-01-01,882686591bfffff
1.9931079151723479,1,1,2016,2016-01-01,882686591dfffff
2.7759231488540927,1,1,2016,2016-01-01,8826865921fffff
4.075121108091858,1,1,2016,2016-01-01,8826865923fffff
3.0409177071451747,1,1,2016,2016-01-01,8826865925fffff
3.4436835519478426,1,1,2016,2016-01-01,8826865927fffff
3.3335805884704026,1,1,2016,2016-01-01,8826865929fffff
4.298157315910858,1,1,2016,2016-01-01,882686592bfffff
2.5989621750997443,1,1,2016,2016-01-01,882686592dfffff
3.38823438954215,1,1,2016,2016-01-01,8826865931fffff
2.457026514302283,1,1,2016,2016-01-01,8826865933fffff
3.607337226552042,1,1,2016,2016-01-01,8826865935fffff
3.310897469610568,1,1,2016,2016-01-01,8826865937fffff
2.81043144128227,1,1,2016,2016-01-01,8826865939fffff
4.095875365337638,1,1,2016,2016-01-01,882686593bfffff
3.652448563460955,1,1,2016,2016-01-01,882686593dfffff
2.1252166179239422,1,1,2016,2016-01-01,8826865941fffff
4.2754780403610635,1,1,2016,2016-01-01,8826865943fffff
2.6436841052846614,1,1,2016,2016-01-01,8826865945fffff
4.141098216299519,1,1,2016,2016-01-01,8826865947fffff
2.2374594578928226,1,1,2016,2016-01-01,8826865949fffff
2.3017693160091848,1,1,2016,2016-01-01,882686594bfffff
1.9921285755605809,1,1,2016,2016-01-01,882686594dfffff
1.549626999483674,1,1,2016,2016-01-01,8826865951fffff
2.62060071697749,1,1,2016,2016-01-01,8826865953fffff
1.1465146838990612,1,1,2016,2016-01-01,8826865955fffff
2.11077966128902,1,1,2016,2016-01-01,8826865957fffff
2.174309947712913,1,1,2016,2016-01-01,8826865959fffff
1.1959806507308808,1,1,2016,2016-01-01,882686595bfffff
3.2076835494247984,1,1,2016,2016-01-01,882686595dfffff
5.517291077818956,1,1,2016,2016-01-01,8826865961fffff
3.6786514762041778,1,1,2016,2016-01-01,8826865963fffff
5.415008875717466,1,1,2016,2016-01-01,8826865965fffff
3.089428954635024,1,1,2016,2016-01-01,8826865967fffff
5.562777355402275,1,1,2016,2016-01-01,8826865969fffff
4.526174513635046,1,1,2016,2016-01-01,882686596bfffff
5.767344708056205,1,1,2016,2016-01-01,882686596dfffff
2.7982220946033363,1,1,2016,2016-01-01,8826865981fffff
2.3601652189843163,1,1,2016,2016-01-01,8826865985fffff
2.998888355918922,1,1,2016,2016-01-01,8826865987fffff
2.461048505451487,1,1,2016,2016-01-01,882686598dfffff
3.8265052494711935,1,1,2016,2016-01-01,88268659a1fffff
4.121403000185863,1,1,2016,2016-01-01,88268659a3fffff
4.215979852874556,1,1,2016,2016-01-01,88268659a5fffff
4.2107713564996185,1,1,2016,2016-01-01,88268659a7fffff
3.5892180760251695,1,1,2016,2016-01-01,88268659a9fffff
3.074698085699479,1,1,2016,2016-01-01,88268659abfffff
3.4233393881607563,1,1,2016,2016-01-01,88268659adfffff
3.567174611671176,1,1,2016,2016-01-01,88268659b1fffff
4.031421349951264,1,1,2016,2016-01-01,88268659b5fffff
3.6190829537935447,1,1,2016,2016-01-01,88268659b7fffff
4.126240276886255,1,1,2016,2016-01-01,88268659bdfffff
1.5990382233073994,1,1,2016,2016-01-01,88268659c5fffff
2.6855902933376363,1,1,2016,2016-01-01,88268659c7fffff
2.482553867572822,1,1,2016,2016-01-01,88268659cdfffff
3.794006662790741,1,1,2016,2016-01-01,88268659e1fffff
3.766401923364204,1,1,2016,2016-01-01,88268659e3fffff
3.267513831611888,1,1,2016,2016-01-01,88268659e5fffff
3.6389095121127744,1,1,2016,2016-01-01,88268659e7fffff
2.435355324947174,1,1,2016,2016-01-01,88268659e9fffff
3.0588451747581704,1,1,2016,2016-01-01,88268659ebfffff
1.9514591326271105,1,1,2016,2016-01-01,88268659edfffff
4.675434233283915,1,1,2016,2016-01-01,8826865b01fffff
4.144642847738197,1,1,2016,2016-01-01,8826865b03fffff
4.340642775721081,1,1,2016,2016-01-01,8826865b05fffff
4.232779916739069,1,1,2016,2016-01-01,8826865b07fffff
4.65930257481652,1,1,2016,2016-01-01,8826865b09fffff
4.284874368861274,1,1,2016,2016-01-01,8826865b0bfffff
3.508834152005789,1,1,2016,2016-01-01,8826865b0dfffff
3.356460951905974,1,1,2016,2016-01-01,8826865b15fffff
3.346038629508385,1,1,2016,2016-01-01,8826865b1dfffff
3.3563218528195695,1,1,2016,2016-01-01,8826865b21fffff
3.8523198167195183,1,1,2016,2016-01-01,8826865b23fffff
4.157850048176678,1,1,2016,2016-01-01,8826865b25fffff
2.3629278394730218,1,1,2016,2016-01-01,8826865b27fffff
4.590233388357394,1,1,2016,2016-01-01,8826865b29fffff
4.22126046466904,1,1,2016,2016-01-01,8826865b2bfffff
4.562169713036199,1,1,2016,2016-01-01,8826865b2dfffff
3.303924259471287,1,1,2016,2016-01-01,8826865b31fffff
1.4614053042376245,1,1,2016,2016-01-01,8826865b33fffff
3.1402222579033627,1,1,2016,2016-01-01,8826865b35fffff
2.904603674385739,1,1,2016,2016-01-01,8826865b37fffff
3.6565440509855724,1,1,2016,2016-01-01,8826865b39fffff
2.1774821087226726,1,1,2016,2016-01-01,8826865b3bfffff
3.8978393066234243,1,1,2016,2016-01-01,8826865b3dfffff
5.193855625044693,1,1,2016,2016-01-01,8826865b41fffff
4.63155734538193,1,1,2016,2016-01-01,8826865b43fffff
5.155152417132967,1,1,2016,2016-01-01,8826865b45fffff
4.9508125255999795,1,1,2016,2016-01-01,8826865b47fffff
4.700872912622652,1,1,2016,2016-01-01,8826865b49fffff
4.538333745760564,1,1,2016,2016-01-01,8826865b4bfffff
4.725169763164656,1,1,2016,2016-01-01,8826865b4dfffff
4.2180361208888355,1,1,2016,2016-01-01,8826865b55fffff
3.3918033162784234,1,1,2016,2016-01-01,8826865b61fffff
3.721972951112167,1,1,2016,2016-01-01,8826865b63fffff
2.962445572445161,1,1,2016,2016-01-01,8826865b65fffff
3.7120236689184596,1,1,2016,2016-01-01,8826865b67fffff
4.05832413919938,1,1,2016,2016-01-01,8826865b69fffff
4.306191294268748,1,1,2016,2016-01-01,8826865b6bfffff
3.174844075052098,1,1,2016,2016-01-01,8826865b6dfffff
1.1940932022959518,1,1,2016,2016-01-01,8826900001fffff
1.5148758202138644,1,1,2016,2016-01-01,8826900003fffff
1.7146316115208944,1,1,2016,2016-01-01,8826900005fffff
1.655880359405679,1,1,2016,2016-01-01,8826900007fffff
1.132184038912982,1,1,2016,2016-01-01,8826900009fffff
0.9081966357395633,1,1,2016,2016-01-01,882690000bfffff
1.7320559395767183,1,1,2016,2016-01-01,882690000dfffff
0.8322641295500541,1,1,2016,2016-01-01,8826900011fffff
0.903000853420652,1,1,2016,2016-01-01,8826900013fffff
0.8004513070329659,1,1,2016,2016-01-01,8826900015fffff
0.8561354843644593,1,1,2016,2016-01-01,8826900017fffff
0.798148713600095,1,1,2016,2016-01-01,8826900019fffff
0.9283279782963261,1,1,2016,2016-01-01,882690001bfffff
0.8089517894914173,1,1,2016,2016-01-01,882690001dfffff
1.4099980261345284,1,1,2016,2016-01-01,8826900021fffff
0.7343512102868076,1,1,2016,2016-01-01,8826900023fffff
0.9626948987314881,1,1,2016,2016-01-01,8826900025fffff
0.6932502344096398,1,1,2016,2016-01-01,8826900027fffff
1.9098505221930469,1,1,2016,2016-01-01,8826900029fffff
1.6857467859318673,1,1,2016,2016-01-01,882690002bfffff
1.222621680422471,1,1,2016,2016-01-01,882690002dfffff
0.8732631487244478,1,1,2016,2016-01-01,8826900031fffff
0.8885743032355005,1,1,2016,2016-01-01,8826900033fffff
0.866907046698788,1,1,2016,2016-01-01,8826900035fffff
0.7450344482679953,1,1,2016,2016-01-01,8826900037fffff
0.7849411215338415,1,1,2016,2016-01-01,8826900039fffff
0.852102827374744,1,1,2016,2016-01-01,882690003bfffff
0.8552307811988229,1,1,2016,2016-01-01,882690003dfffff
1.9528964927070502,1,1,2016,2016-01-01,8826900041fffff
1.7022925221395344,1,1,2016,2016-01-01,8826900043fffff
3.005758948308297,1,1,2016,2016-01-01,8826900045fffff
1.7162016848108026,1,1,2016,2016-01-01,8826900047fffff
1.3002501835989775,1,1,2016,2016-01-01,8826900049fffff
1.4328506285396314,1,1,2016,2016-01-01,882690004bfffff
2.2156341025768236,1,1,2016,2016-01-01,882690004dfffff
1.564574131650793,1,1,2016,2016-01-01,8826900051fffff
1.448983807991234,1,1,2016,2016-01-01,8826900053fffff
1.3225650436279832,1,1,2016,2016-01-01,8826900055fffff
1.1698372061780553,1,1,2016,2016-01-01,8826900057fffff
1.5557633641755548,1,1,2016,2016-01-01,8826900059fffff
1.8301292323511429,1,1,2016,2016-01-01,882690005bfffff
1.525580997966446,1,1,2016,2016-01-01,882690005dfffff
3.0005763222342665,1,1,2016,2016-01-01,8826900061fffff
2.200717779861075,1,1,2016,2016-01-01,8826900063fffff
1.8101504895068352,1,1,2016,2016-01-01,8826900065fffff
1.8696475571564166,1,1,2016,2016-01-01,8826900067fffff
3.662909862412767,1,1,2016,2016-01-01,8826900069fffff
2.773023570967049,1,1,2016,2016-01-01,882690006bfffff
3.6659848017991243,1,1,2016,2016-01-01,882690006dfffff
0.6308950969364819,1,1,2016,2016-01-01,8826900081fffff
0.5850746078305762,1,1,2016,2016-01-01,8826900083fffff
0.7415293624875433,1,1,2016,2016-01-01,8826900085fffff
0.6611992137588216,1,1,2016,2016-01-01,8826900087fffff
0.7017675898554443,1,1,2016,2016-01-01,8826900089fffff
0.8027929590077253,1,1,2016,2016-01-01,882690008bfffff
0.7231847029391698,1,1,2016,2016-01-01,882690008dfffff
0.8654422262994089,1,1,2016,2016-01-01,8826900091fffff
0.9466314999521337,1,1,2016,2016-01-01,8826900093fffff
0.7704297915366157,1,1,2016,2016-01-01,8826900095fffff
0.9234525588560155,1,1,2016,2016-01-01,8826900097fffff
0.8244114057618462,1,1,2016,2016-01-01,8826900099fffff
0.8558930335390884,1,1,2016,2016-01-01,882690009bfffff
0.6126894382559809,1,1,2016,2016-01-01,882690009dfffff
0.6176100893860157,1,1,2016,2016-01-01,88269000a1fffff
0.6866525058058174,1,1,2016,2016-01-01,88269000a3fffff
0.5708655012852324,1,1,2016,2016-01-01,88269000a5fffff
0.5523433728087903,1,1,2016,2016-01-01,88269000a7fffff
1.3032717036571162,1,1,2016,2016-01-01,88269000a9fffff
0.6665451728812851,1,1,2016,2016-01-01,88269000abfffff
1.005856592693428,1,1,2016,2016-01-01,88269000adfffff
0.7545339224062172,1,1,2016,2016-01-01,88269000b1fffff
0.9195213239871552,1,1,2016,2016-01-01,88269000b3fffff
0.6816887035456967,1,1,2016,2016-01-01,88269000b5fffff
0.8982387295902654,1,1,2016,2016-01-01,88269000b7fffff
0.738848918883352,1,1,2016,2016-01-01,88269000b9fffff
0.880118511708762,1,1,2016,2016-01-01,88269000bbfffff
0.5843524256201867,1,1,2016,2016-01-01,88269000bdfffff
0.9127821742867267,1,1,2016,2016-01-01,88269000c1fffff
0.7772380169278701,1,1,2016,2016-01-01,88269000c3fffff
0.9444776832430402,1,1,2016,2016-01-01,88269000c5fffff
0.8045138774952563,1,1,2016,2016-01-01,88269000c7fffff
0.8604482804850959,1,1,2016,2016-01-01,88269000c9fffff
0.9010717662536957,1,1,2016,2016-01-01,88269000cbfffff
1.1382071245278056,1,1,2016,2016-01-01,88269000cdfffff
0.8608525673244787,1,1,2016,2016-01-01,88269000d1fffff
0.7596241004093148,1,1,2016,2016-01-01,88269000d3fffff
0.7663935117698096,1,1,2016,2016-01-01,88269000d5fffff
0.7959667431272905,1,1,2016,2016-01-01,88269000d7fffff
0.9466006631323324,1,1,2016,2016-01-01,88269000d9fffff
0.9386621900532381,1,1,2016,2016-01-01,88269000dbfffff
0.9874514160347716,1,1,2016,2016-01-01,88269000ddfffff
0.8194830286281596,1,1,2016,2016-01-01,88269000e1fffff
0.7882024097862353,1,1,2016,2016-01-01,88269000e3fffff
0.8427833306216621,1,1,2016,2016-01-01,88269000e5fffff
0.8136097527440396,1,1,2016,2016-01-01,88269000e7fffff
0.8819471193765053,1,1,2016,2016-01-01,88269000e9fffff
0.8404172400507637,1,1,2016,2016-01-01,88269000ebfffff
0.8799862268989622,1,1,2016,2016-01-01,88269000edfffff
1.5305915594637207,1,1,2016,2016-01-01,8826900101fffff
1.7460512603520155,1,1,2016,2016-01-01,8826900103fffff
1.3739685703241442,1,1,2016,2016-01-01,8826900105fffff
1.2963296857352715,1,1,2016,2016-01-01,8826900107fffff
2.5463689877252733,1,1,2016,2016-01-01,8826900109fffff
2.084369335927371,1,1,2016,2016-01-01,882690010bfffff
1.0876755077919327,1,1,2016,2016-01-01,882690010dfffff
0.9357989603714427,1,1,2016,2016-01-01,8826900111fffff
0.7999196603906069,1,1,2016,2016-01-01,8826900113fffff
1.1473595162743027,1,1,2016,2016-01-01,8826900115fffff
0.8017205212422425,1,1,2016,2016-01-01,8826900117fffff
0.9473165119463832,1,1,2016,2016-01-01,8826900119fffff
0.7201470161061089,1,1,2016,2016-01-01,882690011bfffff
1.3467730993852345,1,1,2016,2016-01-01,882690011dfffff
1.2411760008833064,1,1,2016,2016-01-01,8826900121fffff
0.7764721313971362,1,1,2016,2016-01-01,8826900123fffff
3.9194058143861015,1,1,2016,2016-01-01,8826900125fffff
1.3104918182751792,1,1,2016,2016-01-01,8826900127fffff
2.3350099730701523,1,1,2016,2016-01-01,8826900129fffff
1.5199566022128823,1,1,2016,2016-01-01,882690012bfffff
3.784980820786099,1,1,2016,2016-01-01,882690012dfffff
0.7365459699724942,1,1,2016,2016-01-01,8826900131fffff
0.6770371745682375,1,1,2016,2016-01-01,8826900133fffff
0.71072398426387,1,1,2016,2016-01-01,8826900135fffff
0.7029361124516108,1,1,2016,2016-01-01,8826900137fffff
0.8576712019611037,1,1,2016,2016-01-01,8826900139fffff
0.7990941847974008,1,1,2016,2016-01-01,882690013bfffff
0.6394918359534669,1,1,2016,2016-01-01,882690013dfffff
3.3354986990237983,1,1,2016,2016-01-01,8826900141fffff
2.935543942770831,1,1,2016,2016-01-01,8826900143fffff
3.5239701415458597,1,1,2016,2016-01-01,8826900145fffff
2.1784547961725975,1,1,2016,2016-01-01,8826900147fffff
2.0576893228954756,1,1,2016,2016-01-01,8826900149fffff
2.379813845388774,1,1,2016,2016-01-01,882690014bfffff
3.0025976142520387,1,1,2016,2016-01-01,882690014dfffff
1.614907352710228,1,1,2016,2016-01-01,8826900151fffff
0.9785588163175094,1,1,2016,2016-01-01,8826900153fffff
2.2638504050614205,1,1,2016,2016-01-01,8826900155fffff
1.5850096283385495,1,1,2016,2016-01-01,8826900157fffff
1.967864906563014,1,1,2016,2016-01-01,8826900159fffff
1.3379108341255797,1,1,2016,2016-01-01,882690015bfffff
2.389503744534265,1,1,2016,2016-01-01,882690015dfffff
3.0035478728086535,1,1,2016,2016-01-01,8826900161fffff
1.7574363471060477,1,1,2016,2016-01-01,8826900163fffff
4.085067303539908,1,1,2016,2016-01-01,8826900165fffff
4.429862509964874,1,1,2016,2016-01-01,8826900167fffff
2.3186315917201763,1,1,2016,2016-01-01,8826900169fffff
1.8639505528430984,1,1,2016,2016-01-01,882690016bfffff
2.948149230417332,1,1,2016,2016-01-01,882690016dfffff
0.5627060106780917,1,1,2016,2016-01-01,8826900181fffff
0.45447031575467306,1,1,2016,2016-01-01,8826900183fffff
0.7165857679079156,1,1,2016,2016-01-01,8826900185fffff
0.6616799938113884,1,1,2016,2016-01-01,8826900187fffff
0.5084149249479677,1,1,2016,2016-01-01,8826900189fffff
0.5639579397493345,1,1,2016,2016-01-01,882690018bfffff
0.5550219251670988,1,1,2016,2016-01-01,882690018dfffff
0.5405080849352116,1,1,2016,2016-01-01,8826900191fffff
0.6305408119501463,1,1,2016,2016-01-01,8826900193fffff
0.5480246187831372,1,1,2016,2016-01-01,8826900195fffff
0.5527205316198752,1,1,2016,2016-01-01,8826900197fffff
0.5907603004151482,1,1,2016,2016-01-01,8826900199fffff
0.5590191063450918,1,1,2016,2016-01-01,882690019bfffff
0.5663298685143096,1,1,2016,2016-01-01,882690019dfffff
0.6001545673384342,1,1,2016,2016-01-01,88269001a1fffff
0.5791642373822563,1,1,2016,2016-01-01,88269001a3fffff
0.948052968173068,1,1,2016,2016-01-01,88269001a5fffff
0.6379937933367337,1,1,2016,2016-01-01,88269001a7fffff
0.9131755268692541,1,1,2016,2016-01-01,88269001a9fffff
0.6045596450972067,1,1,2016,2016-01-01,88269001abfffff
0.8144558565633734,1,1,2016,2016-01-01,88269001adfffff
0.7093872891546709,1,1,2016,2016-01-01,88269001b1fffff
0.6609931358415287,1,1,2016,2016-01-01,88269001b3fffff
0.5869531772569143,1,1,2016,2016-01-01,88269001b5fffff
0.6577916513688475,1,1,2016,2016-01-01,88269001b7fffff
0.6037087421380308,1,1,2016,2016-01-01,88269001b9fffff
0.6167238566076871,1,1,2016,2016-01-01,88269001bbfffff
0.611767521643467,1,1,2016,2016-01-01,88269001bdfffff
0.6817070593620205,1,1,2016,2016-01-01,88269001c1fffff
0.6246095980126543,1,1,2016,2016-01-01,88269001c3fffff
0.7279943455068011,1,1,2016,2016-01-01,88269001c5fffff
0.60275455434703,1,1,2016,2016-01-01,88269001c7fffff
0.8039276713275039,1,1,2016,2016-01-01,88269001c9fffff
0.7857113162099254,1,1,2016,2016-01-01,88269001cbfffff
0.7701714920606741,1,1,2016,2016-01-01,88269001cdfffff
0.5601382990949101,1,1,2016,2016-01-01,88269001d1fffff
0.6323530871855156,1,1,2016,2016-01-01,88269001d3fffff
0.5829744844948953,1,1,2016,2016-01-01,88269001d5fffff
0.5800597561714341,1,1,2016,2016-01-01,88269001d7fffff
0.6799926583806695,1,1,2016,2016-01-01,88269001d9fffff
0.7141886220302156,1,1,2016,2016-01-01,88269001dbfffff
0.6540940645834777,1,1,2016,2016-01-01,88269001ddfffff
0.83116657737135,1,1,2016,2016-01-01,88269001e1fffff
0.9428922683473394,1,1,2016,2016-01-01,88269001e3fffff
0.876923759777575,1,1,2016,2016-01-01,88269001e5fffff
0.9931099233790128,1,1,2016,2016-01-01,88269001e7fffff
0.7103109254576718,1,1,2016,2016-01-01,88269001e9fffff
0.6845661908523608,1,1,2016,2016-01-01,88269001ebfffff
0.7907105555716899,1,1,2016,2016-01-01,88269001edfffff
2.2098482796353958,1,1,2016,2016-01-01,8826900201fffff
4.63340323497092,1,1,2016,2016-01-01,8826900203fffff
2.965219979291975,1,1,2016,2016-01-01,8826900205fffff
1.7905164606465165,1,1,2016,2016-01-01,8826900207fffff
4.15489164376854,1,1,2016,2016-01-01,8826900209fffff
4.794125509422777,1,1,2016,2016-01-01,882690020bfffff
2.881455804431086,1,1,2016,2016-01-01,882690020dfffff
5.2456083934301265,1,1,2016,2016-01-01,8826900211fffff
