p_id,act,week_hour,interval,day_block,original_day_position,sorting_position,sex,age
2015000000253-1885801,home,20,24-25,0.0,20,0,male,83.0
2015000000253-1885801,home,21,25-26,0.0,21,1,male,83.0
2015000000253-1885801,home,22,26-27,0.0,22,2,male,83.0
2015000000253-1885801,home,23,27-28,0.0,23,3,male,83.0
2015000000253-1885801,home,0,04-05,0.0,0,4,male,83.0
2015000000253-1885801,home,1,05-06,0.0,1,5,male,83.0
2015000000253-1885801,retail,2,06-07,0.0,2,6,male,83.0
2015000000253-1885801,childcare,3,07-08,0.0,3,7,male,83.0
2015000000253-1885801,childcare,4,08-09,0.0,4,8,male,83.0
2015000000253-1885801,home,5,09-10,0.0,5,9,male,83.0
2015000000253-1885801,home,6,10-11,0.0,6,10,male,83.0
2015000000253-1885801,home,7,11-12,0.0,7,11,male,83.0
2015000000253-1885801,home,8,12-13,0.0,8,12,male,83.0
2015000000253-1885801,home,9,13-14,0.0,9,13,male,83.0
2015000000253-1885801,home,10,14-15,0.0,10,14,male,83.0
2015000000253-1885801,home,11,15-16,0.0,11,15,male,83.0
2015000000253-1885801,home,12,16-17,0.0,12,16,male,83.0
2015000000253-1885801,home,13,17-18,0.0,13,17,male,83.0
2015000000253-1885801,home,14,18-19,0.0,14,18,male,83.0
2015000000253-1885801,home,15,19-20,0.0,15,19,male,83.0
2015000000253-1885801,home,16,20-21,0.0,16,20,male,83.0
2015000000253-1885801,home,17,21-22,0.0,17,21,male,83.0
2015000000253-1885801,home,18,22-23,0.0,18,22,male,83.0
2015000000253-1885801,home,19,23-24,0.0,19,23,male,83.0
2015000000253-1885801,home,44,24-25,1.0,20,0,male,83.0
2015000000253-1885801,home,45,25-26,1.0,21,1,male,83.0
2015000000253-1885801,home,46,26-27,1.0,22,2,male,83.0
2015000000253-1885801,home,47,27-28,1.0,23,3,male,83.0
2015000000253-1885801,home,24,04-05,1.0,0,4,male,83.0
2015000000253-1885801,home,25,05-06,1.0,1,5,male,83.0
2015000000253-1885801,home,26,06-07,1.0,2,6,male,83.0
2015000000253-1885801,home,27,07-08,1.0,3,7,male,83.0
2015000000253-1885801,home,28,08-09,1.0,4,8,male,83.0
2015000000253-1885801,home,29,09-10,1.0,5,9,male,83.0
2015000000253-1885801,home,30,10-11,1.0,6,10,male,83.0
2015000000253-1885801,errands,31,11-12,1.0,7,11,male,83.0
2015000000253-1885801,home,32,12-13,1.0,8,12,male,83.0
2015000000253-1885801,home,33,13-14,1.0,9,13,male,83.0
2015000000253-1885801,home,34,14-15,1.0,10,14,male,83.0
2015000000253-1885801,home,35,15-16,1.0,11,15,male,83.0
2015000000253-1885801,home,36,16-17,1.0,12,16,male,83.0
2015000000253-1885801,home,37,17-18,1.0,13,17,male,83.0
2015000000253-1885801,home,38,18-19,1.0,14,18,male,83.0
2015000000253-1885801,home,39,19-20,1.0,15,19,male,83.0
2015000000253-1885801,home,40,20-21,1.0,16,20,male,83.0
2015000000253-1885801,home,41,21-22,1.0,17,21,male,83.0
2015000000253-1885801,home,42,22-23,1.0,18,22,male,83.0
2015000000253-1885801,home,43,23-24,1.0,19,23,male,83.0
2015000000253-1885801,home,68,24-25,2.0,20,0,male,83.0
2015000000253-1885801,home,69,25-26,2.0,21,1,male,83.0
2015000000253-1885801,home,70,26-27,2.0,22,2,male,83.0
2015000000253-1885801,home,71,27-28,2.0,23,3,male,83.0
2015000000253-1885801,home,48,04-05,2.0,0,4,male,83.0
2015000000253-1885801,home,49,05-06,2.0,1,5,male,83.0
2015000000253-1885801,home,50,06-07,2.0,2,6,male,83.0
2015000000253-1885801,home,51,07-08,2.0,3,7,male,83.0
2015000000253-1885801,exercise,52,08-09,2.0,4,8,male,83.0
2015000000253-1885801,exercise,53,09-10,2.0,5,9,male,83.0
2015000000253-1885801,home,54,10-11,2.0,6,10,male,83.0
2015000000253-1885801,home,55,11-12,2.0,7,11,male,83.0
2015000000253-1885801,home,56,12-13,2.0,8,12,male,83.0
2015000000253-1885801,home,57,13-14,2.0,9,13,male,83.0
2015000000253-1885801,home,58,14-15,2.0,10,14,male,83.0
2015000000253-1885801,home,59,15-16,2.0,11,15,male,83.0
2015000000253-1885801,home,60,16-17,2.0,12,16,male,83.0
2015000000253-1885801,home,61,17-18,2.0,13,17,male,83.0
2015000000253-1885801,home,62,18-19,2.0,14,18,male,83.0
2015000000253-1885801,home,63,19-20,2.0,15,19,male,83.0
2015000000253-1885801,home,64,20-21,2.0,16,20,male,83.0
2015000000253-1885801,home,65,21-22,2.0,17,21,male,83.0
2015000000253-1885801,home,66,22-23,2.0,18,22,male,83.0
2015000000253-1885801,home,67,23-24,2.0,19,23,male,83.0
2015000000253-1885801,home,92,24-25,3.0,20,0,male,83.0
2015000000253-1885801,home,93,25-26,3.0,21,1,male,83.0
2015000000253-1885801,home,94,26-27,3.0,22,2,male,83.0
2015000000253-1885801,home,95,27-28,3.0,23,3,male,83.0
2015000000253-1885801,home,72,04-05,3.0,0,4,male,83.0
2015000000253-1885801,home,73,05-06,3.0,1,5,male,83.0
2015000000253-1885801,home,74,06-07,3.0,2,6,male,83.0
2015000000253-1885801,home,75,07-08,3.0,3,7,male,83.0
2015000000253-1885801,leisure,76,08-09,3.0,4,8,male,83.0
2015000000253-1885801,leisure,77,09-10,3.0,5,9,male,83.0
2015000000253-1885801,home,78,10-11,3.0,6,10,male,83.0
2015000000253-1885801,home,79,11-12,3.0,7,11,male,83.0
2015000000253-1885801,home,80,12-13,3.0,8,12,male,83.0
2015000000253-1885801,home,81,13-14,3.0,9,13,male,83.0
2015000000253-1885801,home,82,14-15,3.0,10,14,male,83.0
2015000000253-1885801,home,83,15-16,3.0,11,15,male,83.0
2015000000253-1885801,home,84,16-17,3.0,12,16,male,83.0
2015000000253-1885801,home,85,17-18,3.0,13,17,male,83.0
2015000000253-1885801,home,86,18-19,3.0,14,18,male,83.0
2015000000253-1885801,home,87,19-20,3.0,15,19,male,83.0
2015000000253-1885801,home,88,20-21,3.0,16,20,male,83.0
2015000000253-1885801,home,89,21-22,3.0,17,21,male,83.0
2015000000253-1885801,home,90,22-23,3.0,18,22,male,83.0
2015000000253-1885801,home,91,23-24,3.0,19,23,male,83.0
2015000000253-1885801,home,116,24-25,4.0,20,0,male,83.0
2015000000253-1885801,home,117,25-26,4.0,21,1,male,83.0
2015000000253-1885801,home,118,26-27,4.0,22,2,male,83.0
2015000000253-1885801,home,119,27-28,4.0,23,3,male,83.0
2015000000253-1885801,home,96,04-05,4.0,0,4,male,83.0
2015000000253-1885801,home,97,05-06,4.0,1,5,male,83.0
2015000000253-1885801,home,98,06-07,4.0,2,6,male,83.0
2015000000253-1885801,home,99,07-08,4.0,3,7,male,83.0
2015000000253-1885801,home,100,08-09,4.0,4,8,male,83.0
2015000000253-1885801,home,101,09-10,4.0,5,9,male,83.0
2015000000253-1885801,change_transp,102,10-11,4.0,6,10,male,83.0
2015000000253-1885801,home,103,11-12,4.0,7,11,male,83.0
2015000000253-1885801,home,104,12-13,4.0,8,12,male,83.0
2015000000253-1885801,home,105,13-14,4.0,9,13,male,83.0
2015000000253-1885801,home,106,14-15,4.0,10,14,male,83.0
2015000000253-1885801,home,107,15-16,4.0,11,15,male,83.0
2015000000253-1885801,home,108,16-17,4.0,12,16,male,83.0
2015000000253-1885801,home,109,17-18,4.0,13,17,male,83.0
2015000000253-1885801,home,110,18-19,4.0,14,18,male,83.0
2015000000253-1885801,home,111,19-20,4.0,15,19,male,83.0
2015000000253-1885801,home,112,20-21,4.0,16,20,male,83.0
2015000000253-1885801,home,113,21-22,4.0,17,21,male,83.0
2015000000253-1885801,home,114,22-23,4.0,18,22,male,83.0
2015000000253-1885801,home,115,23-24,4.0,19,23,male,83.0
2015000000253-1885801,home,140,24-25,5.0,20,0,male,83.0
2015000000253-1885801,home,141,25-26,5.0,21,1,male,83.0
2015000000253-1885801,home,142,26-27,5.0,22,2,male,83.0
2015000000253-1885801,home,143,27-28,5.0,23,3,male,83.0
2015000000253-1885801,home,120,04-05,5.0,0,4,male,83.0
2015000000253-1885801,home,121,05-06,5.0,1,5,male,83.0
2015000000253-1885801,home,122,06-07,5.0,2,6,male,83.0
2015000000253-1885801,home,123,07-08,5.0,3,7,male,83.0
2015000000253-1885801,home,124,08-09,5.0,4,8,male,83.0
2015000000253-1885801,home,125,09-10,5.0,5,9,male,83.0
2015000000253-1885801,retail,126,10-11,5.0,6,10,male,83.0
2015000000253-1885801,childcare,127,11-12,5.0,7,11,male,83.0
2015000000253-1885801,childcare,128,12-13,5.0,8,12,male,83.0
2015000000253-1885801,childcare,129,13-14,5.0,9,13,male,83.0
2015000000253-1885801,childcare,130,14-15,5.0,10,14,male,83.0
2015000000253-1885801,childcare,131,15-16,5.0,11,15,male,83.0
2015000000253-1885801,childcare,132,16-17,5.0,12,16,male,83.0
2015000000253-1885801,home,133,17-18,5.0,13,17,male,83.0
2015000000253-1885801,home,134,18-19,5.0,14,18,male,83.0
2015000000253-1885801,home,135,19-20,5.0,15,19,male,83.0
2015000000253-1885801,home,136,20-21,5.0,16,20,male,83.0
2015000000253-1885801,home,137,21-22,5.0,17,21,male,83.0
2015000000253-1885801,home,138,22-23,5.0,18,22,male,83.0
2015000000253-1885801,home,139,23-24,5.0,19,23,male,83.0
2015000000253-1885801,home,164,24-25,6.0,20,0,male,83.0
2015000000253-1885801,home,165,25-26,6.0,21,1,male,83.0
2015000000253-1885801,home,166,26-27,6.0,22,2,male,83.0
2015000000253-1885801,home,167,27-28,6.0,23,3,male,83.0
2015000000253-1885801,home,144,04-05,6.0,0,4,male,83.0
2015000000253-1885801,home,145,05-06,6.0,1,5,male,83.0
2015000000253-1885801,home,146,06-07,6.0,2,6,male,83.0
2015000000253-1885801,home,147,07-08,6.0,3,7,male,83.0
2015000000253-1885801,home,148,08-09,6.0,4,8,male,83.0
2015000000253-1885801,home,149,09-10,6.0,5,9,male,83.0
2015000000253-1885801,home,150,10-11,6.0,6,10,male,83.0
2015000000253-1885801,leisure,151,11-12,6.0,7,11,male,83.0
2015000000253-1885801,volunteer,152,12-13,6.0,8,12,male,83.0
2015000000253-1885801,volunteer,153,13-14,6.0,9,13,male,83.0
2015000000253-1885801,volunteer,154,14-15,6.0,10,14,male,83.0
2015000000253-1885801,volunteer,155,15-16,6.0,11,15,male,83.0
2015000000253-1885801,volunteer,156,16-17,6.0,12,16,male,83.0
2015000000253-1885801,home,157,17-18,6.0,13,17,male,83.0
2015000000253-1885801,home,158,18-19,6.0,14,18,male,83.0
2015000000253-1885801,home,159,19-20,6.0,15,19,male,83.0
2015000000253-1885801,home,160,20-21,6.0,16,20,male,83.0
2015000000253-1885801,home,161,21-22,6.0,17,21,male,83.0
2015000000253-1885801,home,162,22-23,6.0,18,22,male,83.0
2015000000253-1885801,home,163,23-24,6.0,19,23,male,83.0
2015000000253-1885802,home,20,24-25,0.0,20,0,female,72.0
2015000000253-1885802,home,21,25-26,0.0,21,1,female,72.0
2015000000253-1885802,home,22,26-27,0.0,22,2,female,72.0
2015000000253-1885802,home,23,27-28,0.0,23,3,female,72.0
2015000000253-1885802,home,0,04-05,0.0,0,4,female,72.0
2015000000253-1885802,home,1,05-06,0.0,1,5,female,72.0
2015000000253-1885802,home,2,06-07,0.0,2,6,female,72.0
2015000000253-1885802,home,3,07-08,0.0,3,7,female,72.0
2015000000253-1885802,home,4,08-09,0.0,4,8,female,72.0
2015000000253-1885802,home,5,09-10,0.0,5,9,female,72.0
2015000000253-1885802,home,6,10-11,0.0,6,10,female,72.0
2015000000253-1885802,home,7,11-12,0.0,7,11,female,72.0
2015000000253-1885802,home,8,12-13,0.0,8,12,female,72.0
2015000000253-1885802,home,9,13-14,0.0,9,13,female,72.0
2015000000253-1885802,home,10,14-15,0.0,10,14,female,72.0
2015000000253-1885802,home,11,15-16,0.0,11,15,female,72.0
2015000000253-1885802,home,12,16-17,0.0,12,16,female,72.0
2015000000253-1885802,home,13,17-18,0.0,13,17,female,72.0
2015000000253-1885802,home,14,18-19,0.0,14,18,female,72.0
2015000000253-1885802,home,15,19-20,0.0,15,19,female,72.0
2015000000253-1885802,home,16,20-21,0.0,16,20,female,72.0
2015000000253-1885802,home,17,21-22,0.0,17,21,female,72.0
2015000000253-1885802,home,18,22-23,0.0,18,22,female,72.0
2015000000253-1885802,home,19,23-24,0.0,19,23,female,72.0
2015000000253-1885802,home,44,24-25,1.0,20,0,female,72.0
2015000000253-1885802,home,45,25-26,1.0,21,1,female,72.0
2015000000253-1885802,home,46,26-27,1.0,22,2,female,72.0
2015000000253-1885802,home,47,27-28,1.0,23,3,female,72.0
2015000000253-1885802,home,24,04-05,1.0,0,4,female,72.0
2015000000253-1885802,home,25,05-06,1.0,1,5,female,72.0
2015000000253-1885802,home,26,06-07,1.0,2,6,female,72.0
2015000000253-1885802,medical,27,07-08,1.0,3,7,female,72.0
2015000000253-1885802,home,28,08-09,1.0,4,8,female,72.0
2015000000253-1885802,home,29,09-10,1.0,5,9,female,72.0
2015000000253-1885802,home,30,10-11,1.0,6,10,female,72.0
2015000000253-1885802,home,31,11-12,1.0,7,11,female,72.0
2015000000253-1885802,home,32,12-13,1.0,8,12,female,72.0
2015000000253-1885802,home,33,13-14,1.0,9,13,female,72.0
2015000000253-1885802,home,34,14-15,1.0,10,14,female,72.0
2015000000253-1885802,home,35,15-16,1.0,11,15,female,72.0
2015000000253-1885802,home,36,16-17,1.0,12,16,female,72.0
2015000000253-1885802,home,37,17-18,1.0,13,17,female,72.0
2015000000253-1885802,home,38,18-19,1.0,14,18,female,72.0
2015000000253-1885802,home,39,19-20,1.0,15,19,female,72.0
2015000000253-1885802,home,40,20-21,1.0,16,20,female,72.0
2015000000253-1885802,home,41,21-22,1.0,17,21,female,72.0
2015000000253-1885802,home,42,22-23,1.0,18,22,female,72.0
2015000000253-1885802,home,43,23-24,1.0,19,23,female,72.0
2015000000253-1885802,home,68,24-25,2.0,20,0,female,72.0
2015000000253-1885802,home,69,25-26,2.0,21,1,female,72.0
2015000000253-1885802,home,70,26-27,2.0,22,2,female,72.0
2015000000253-1885802,home,71,27-28,2.0,23,3,female,72.0
2015000000253-1885802,home,48,04-05,2.0,0,4,female,72.0
2015000000253-1885802,home,49,05-06,2.0,1,5,female,72.0
2015000000253-1885802,childcare,50,06-07,2.0,2,6,female,72.0
2015000000253-1885802,childcare,51,07-08,2.0,3,7,female,72.0
2015000000253-1885802,home,52,08-09,2.0,4,8,female,72.0
2015000000253-1885802,home,53,09-10,2.0,5,9,female,72.0
2015000000253-1885802,home,54,10-11,2.0,6,10,female,72.0
2015000000253-1885802,home,55,11-12,2.0,7,11,female,72.0
2015000000253-1885802,home,56,12-13,2.0,8,12,female,72.0
2015000000253-1885802,home,57,13-14,2.0,9,13,female,72.0
2015000000253-1885802,home,58,14-15,2.0,10,14,female,72.0
2015000000253-1885802,home,59,15-16,2.0,11,15,female,72.0
2015000000253-1885802,home,60,16-17,2.0,12,16,female,72.0
2015000000253-1885802,home,61,17-18,2.0,13,17,female,72.0
2015000000253-1885802,home,62,18-19,2.0,14,18,female,72.0
2015000000253-1885802,home,63,19-20,2.0,15,19,female,72.0
2015000000253-1885802,home,64,20-21,2.0,16,20,female,72.0
2015000000253-1885802,home,65,21-22,2.0,17,21,female,72.0
2015000000253-1885802,home,66,22-23,2.0,18,22,female,72.0
2015000000253-1885802,home,67,23-24,2.0,19,23,female,72.0
2015000000253-1885802,home,92,24-25,3.0,20,0,female,72.0
2015000000253-1885802,home,93,25-26,3.0,21,1,female,72.0
2015000000253-1885802,home,94,26-27,3.0,22,2,female,72.0
2015000000253-1885802,home,95,27-28,3.0,23,3,female,72.0
2015000000253-1885802,home,72,04-05,3.0,0,4,female,72.0
2015000000253-1885802,home,73,05-06,3.0,1,5,female,72.0
2015000000253-1885802,home,74,06-07,3.0,2,6,female,72.0
2015000000253-1885802,home,75,07-08,3.0,3,7,female,72.0
2015000000253-1885802,home,76,08-09,3.0,4,8,female,72.0
2015000000253-1885802,home,77,09-10,3.0,5,9,female,72.0
2015000000253-1885802,medical,78,10-11,3.0,6,10,female,72.0
2015000000253-1885802,medical,79,11-12,3.0,7,11,female,72.0
2015000000253-1885802,medical,80,12-13,3.0,8,12,female,72.0
2015000000253-1885802,home,81,13-14,3.0,9,13,female,72.0
2015000000253-1885802,home,82,14-15,3.0,10,14,female,72.0
2015000000253-1885802,home,83,15-16,3.0,11,15,female,72.0
2015000000253-1885802,home,84,16-17,3.0,12,16,female,72.0
2015000000253-1885802,home,85,17-18,3.0,13,17,female,72.0
2015000000253-1885802,home,86,18-19,3.0,14,18,female,72.0
2015000000253-1885802,home,87,19-20,3.0,15,19,female,72.0
2015000000253-1885802,home,88,20-21,3.0,16,20,female,72.0
2015000000253-1885802,home,89,21-22,3.0,17,21,female,72.0
2015000000253-1885802,home,90,22-23,3.0,18,22,female,72.0
2015000000253-1885802,home,91,23-24,3.0,19,23,female,72.0
2015000000253-1885802,home,116,24-25,4.0,20,0,female,72.0
2015000000253-1885802,home,117,25-26,4.0,21,1,female,72.0
2015000000253-1885802,home,118,26-27,4.0,22,2,female,72.0
2015000000253-1885802,home,119,27-28,4.0,23,3,female,72.0
2015000000253-1885802,home,96,04-05,4.0,0,4,female,72.0
2015000000253-1885802,change_transp,97,05-06,4.0,1,5,female,72.0
2015000000253-1885802,change_transp,98,06-07,4.0,2,6,female,72.0
2015000000253-1885802,home,99,07-08,4.0,3,7,female,72.0
2015000000253-1885802,home,100,08-09,4.0,4,8,female,72.0
2015000000253-1885802,home,101,09-10,4.0,5,9,female,72.0
2015000000253-1885802,home,102,10-11,4.0,6,10,female,72.0
2015000000253-1885802,home,103,11-12,4.0,7,11,female,72.0
2015000000253-1885802,home,104,12-13,4.0,8,12,female,72.0
2015000000253-1885802,home,105,13-14,4.0,9,13,female,72.0
2015000000253-1885802,home,106,14-15,4.0,10,14,female,72.0
2015000000253-1885802,home,107,15-16,4.0,11,15,female,72.0
2015000000253-1885802,home,108,16-17,4.0,12,16,female,72.0
2015000000253-1885802,home,109,17-18,4.0,13,17,female,72.0
2015000000253-1885802,home,110,18-19,4.0,14,18,female,72.0
2015000000253-1885802,home,111,19-20,4.0,15,19,female,72.0
2015000000253-1885802,home,112,20-21,4.0,16,20,female,72.0
2015000000253-1885802,home,113,21-22,4.0,17,21,female,72.0
2015000000253-1885802,home,114,22-23,4.0,18,22,female,72.0
2015000000253-1885802,home,115,23-24,4.0,19,23,female,72.0
2015000000253-1885802,home,140,24-25,5.0,20,0,female,72.0
2015000000253-1885802,home,141,25-26,5.0,21,1,female,72.0
2015000000253-1885802,home,142,26-27,5.0,22,2,female,72.0
2015000000253-1885802,home,143,27-28,5.0,23,3,female,72.0
2015000000253-1885802,home,120,04-05,5.0,0,4,female,72.0
2015000000253-1885802,home,121,05-06,5.0,1,5,female,72.0
2015000000253-1885802,home,122,06-07,5.0,2,6,female,72.0
2015000000253-1885802,home,123,07-08,5.0,3,7,female,72.0
2015000000253-1885802,home,124,08-09,5.0,4,8,female,72.0
2015000000253-1885802,home,125,09-10,5.0,5,9,female,72.0
2015000000253-1885802,errands,126,10-11,5.0,6,10,female,72.0
2015000000253-1885802,home,127,11-12,5.0,7,11,female,72.0
2015000000253-1885802,home,128,12-13,5.0,8,12,female,72.0
2015000000253-1885802,home,129,13-14,5.0,9,13,female,72.0
2015000000253-1885802,home,130,14-15,5.0,10,14,female,72.0
2015000000253-1885802,home,131,15-16,5.0,11,15,female,72.0
2015000000253-1885802,home,132,16-17,5.0,12,16,female,72.0
2015000000253-1885802,home,133,17-18,5.0,13,17,female,72.0
2015000000253-1885802,home,134,18-19,5.0,14,18,female,72.0
2015000000253-1885802,home,135,19-20,5.0,15,19,female,72.0
2015000000253-1885802,home,136,20-21,5.0,16,20,female,72.0
2015000000253-1885802,home,137,21-22,5.0,17,21,female,72.0
2015000000253-1885802,home,138,22-23,5.0,18,22,female,72.0
2015000000253-1885802,home,139,23-24,5.0,19,23,female,72.0
2015000000253-1885802,home,164,24-25,6.0,20,0,female,72.0
2015000000253-1885802,home,165,25-26,6.0,21,1,female,72.0
2015000000253-1885802,home,166,26-27,6.0,22,2,female,72.0
2015000000253-1885802,home,167,27-28,6.0,23,3,female,72.0
2015000000253-1885802,home,144,04-05,6.0,0,4,female,72.0
2015000000253-1885802,home,145,05-06,6.0,1,5,female,72.0
2015000000253-1885802,home,146,06-07,6.0,2,6,female,72.0
2015000000253-1885802,home,147,07-08,6.0,3,7,female,72.0
2015000000253-1885802,home,148,08-09,6.0,4,8,female,72.0
2015000000253-1885802,home,149,09-10,6.0,5,9,female,72.0
2015000000253-1885802,home,150,10-11,6.0,6,10,female,72.0
2015000000253-1885802,meals,151,11-12,6.0,7,11,female,72.0
2015000000253-1885802,meals,152,12-13,6.0,8,12,female,72.0
2015000000253-1885802,meals,153,13-14,6.0,9,13,female,72.0
2015000000253-1885802,meals,154,14-15,6.0,10,14,female,72.0
2015000000253-1885802,change_transp,155,15-16,6.0,11,15,female,72.0
2015000000253-1885802,volunteer,156,16-17,6.0,12,16,female,72.0
2015000000253-1885802,volunteer,157,17-18,6.0,13,17,female,72.0
2015000000253-1885802,volunteer,158,18-19,6.0,14,18,female,72.0
2015000000253-1885802,home,159,19-20,6.0,15,19,female,72.0
2015000000253-1885802,home,160,20-21,6.0,16,20,female,72.0
2015000000253-1885802,home,161,21-22,6.0,17,21,female,72.0
2015000000253-1885802,home,162,22-23,6.0,18,22,female,72.0
2015000000253-1885802,home,163,23-24,6.0,19,23,female,72.0
2015000000253-1885803,home,20,24-25,0.0,20,0,male,16.0
2015000000253-1885803,home,21,25-26,0.0,21,1,male,16.0
2015000000253-1885803,home,22,26-27,0.0,22,2,male,16.0
2015000000253-1885803,home,23,27-28,0.0,23,3,male,16.0
2015000000253-1885803,home,0,04-05,0.0,0,4,male,16.0
2015000000253-1885803,home,1,05-06,0.0,1,5,male,16.0
2015000000253-1885803,religious_community,2,06-07,0.0,2,6,male,16.0
2015000000253-1885803,meals,3,07-08,0.0,3,7,male,16.0
2015000000253-1885803,religious_community,4,08-09,0.0,4,8,male,16.0
2015000000253-1885803,home,5,09-10,0.0,5,9,male,16.0
2015000000253-1885803,home,6,10-11,0.0,6,10,male,16.0
2015000000253-1885803,home,7,11-12,0.0,7,11,male,16.0
2015000000253-1885803,home,8,12-13,0.0,8,12,male,16.0
2015000000253-1885803,home,9,13-14,0.0,9,13,male,16.0
2015000000253-1885803,home,10,14-15,0.0,10,14,male,16.0
2015000000253-1885803,home,11,15-16,0.0,11,15,male,16.0
2015000000253-1885803,home,12,16-17,0.0,12,16,male,16.0
2015000000253-1885803,home,13,17-18,0.0,13,17,male,16.0
2015000000253-1885803,home,14,18-19,0.0,14,18,male,16.0
2015000000253-1885803,home,15,19-20,0.0,15,19,male,16.0
2015000000253-1885803,home,16,20-21,0.0,16,20,male,16.0
2015000000253-1885803,home,17,21-22,0.0,17,21,male,16.0
2015000000253-1885803,home,18,22-23,0.0,18,22,male,16.0
2015000000253-1885803,home,19,23-24,0.0,19,23,male,16.0
2015000000253-1885803,home,44,24-25,1.0,20,0,male,16.0
2015000000253-1885803,home,45,25-26,1.0,21,1,male,16.0
2015000000253-1885803,home,46,26-27,1.0,22,2,male,16.0
2015000000253-1885803,home,47,27-28,1.0,23,3,male,16.0
2015000000253-1885803,home,24,04-05,1.0,0,4,male,16.0
2015000000253-1885803,home,25,05-06,1.0,1,5,male,16.0
2015000000253-1885803,home,26,06-07,1.0,2,6,male,16.0
2015000000253-1885803,school,27,07-08,1.0,3,7,male,16.0
2015000000253-1885803,medical,28,08-09,1.0,4,8,male,16.0
2015000000253-1885803,home,29,09-10,1.0,5,9,male,16.0
2015000000253-1885803,home,30,10-11,1.0,6,10,male,16.0
2015000000253-1885803,home,31,11-12,1.0,7,11,male,16.0
2015000000253-1885803,home,32,12-13,1.0,8,12,male,16.0
2015000000253-1885803,home,33,13-14,1.0,9,13,male,16.0
2015000000253-1885803,home,34,14-15,1.0,10,14,male,16.0
2015000000253-1885803,home,35,15-16,1.0,11,15,male,16.0
2015000000253-1885803,home,36,16-17,1.0,12,16,male,16.0
2015000000253-1885803,home,37,17-18,1.0,13,17,male,16.0
2015000000253-1885803,home,38,18-19,1.0,14,18,male,16.0
2015000000253-1885803,home,39,19-20,1.0,15,19,male,16.0
2015000000253-1885803,home,40,20-21,1.0,16,20,male,16.0
2015000000253-1885803,home,41,21-22,1.0,17,21,male,16.0
2015000000253-1885803,home,42,22-23,1.0,18,22,male,16.0
2015000000253-1885803,home,43,23-24,1.0,19,23,male,16.0
2015000000253-1885803,home,68,24-25,2.0,20,0,male,16.0
2015000000253-1885803,home,69,25-26,2.0,21,1,male,16.0
2015000000253-1885803,home,70,26-27,2.0,22,2,male,16.0
2015000000253-1885803,home,71,27-28,2.0,23,3,male,16.0
2015000000253-1885803,home,48,04-05,2.0,0,4,male,16.0
2015000000253-1885803,home,49,05-06,2.0,1,5,male,16.0
2015000000253-1885803,home,50,06-07,2.0,2,6,male,16.0
2015000000253-1885803,school,51,07-08,2.0,3,7,male,16.0
2015000000253-1885803,school,52,08-09,2.0,4,8,male,16.0
2015000000253-1885803,school,53,09-10,2.0,5,9,male,16.0
2015000000253-1885803,school,54,10-11,2.0,6,10,male,16.0
2015000000253-1885803,school,55,11-12,2.0,7,11,male,16.0
2015000000253-1885803,school,56,12-13,2.0,8,12,male,16.0
2015000000253-1885803,visit_friends_relatives,57,13-14,2.0,9,13,male,16.0
2015000000253-1885803,visit_friends_relatives,58,14-15,2.0,10,14,male,16.0
2015000000253-1885803,meals,59,15-16,2.0,11,15,male,16.0
2015000000253-1885803,home,60,16-17,2.0,12,16,male,16.0
2015000000253-1885803,home,61,17-18,2.0,13,17,male,16.0
2015000000253-1885803,home,62,18-19,2.0,14,18,male,16.0
2015000000253-1885803,home,63,19-20,2.0,15,19,male,16.0
2015000000253-1885803,home,64,20-21,2.0,16,20,male,16.0
2015000000253-1885803,home,65,21-22,2.0,17,21,male,16.0
2015000000253-1885803,home,66,22-23,2.0,18,22,male,16.0
2015000000253-1885803,home,67,23-24,2.0,19,23,male,16.0
2015000000253-1885803,home,92,24-25,3.0,20,0,male,16.0
2015000000253-1885803,home,93,25-26,3.0,21,1,male,16.0
2015000000253-1885803,home,94,26-27,3.0,22,2,male,16.0
2015000000253-1885803,home,95,27-28,3.0,23,3,male,16.0
2015000000253-1885803,home,72,04-05,3.0,0,4,male,16.0
2015000000253-1885803,home,73,05-06,3.0,1,5,male,16.0
2015000000253-1885803,home,74,06-07,3.0,2,6,male,16.0
2015000000253-1885803,school,75,07-08,3.0,3,7,male,16.0
2015000000253-1885803,school,76,08-09,3.0,4,8,male,16.0
2015000000253-1885803,school,77,09-10,3.0,5,9,male,16.0
2015000000253-1885803,school,78,10-11,3.0,6,10,male,16.0
2015000000253-1885803,volunteer,79,11-12,3.0,7,11,male,16.0
2015000000253-1885803,volunteer,80,12-13,3.0,8,12,male,16.0
2015000000253-1885803,volunteer,81,13-14,3.0,9,13,male,16.0
2015000000253-1885803,volunteer,82,14-15,3.0,10,14,male,16.0
2015000000253-1885803,volunteer,83,15-16,3.0,11,15,male,16.0
2015000000253-1885803,leisure,84,16-17,3.0,12,16,male,16.0
2015000000253-1885803,leisure,85,17-18,3.0,13,17,male,16.0
2015000000253-1885803,leisure,86,18-19,3.0,14,18,male,16.0
2015000000253-1885803,home,87,19-20,3.0,15,19,male,16.0
2015000000253-1885803,home,88,20-21,3.0,16,20,male,16.0
2015000000253-1885803,home,89,21-22,3.0,17,21,male,16.0
2015000000253-1885803,home,90,22-23,3.0,18,22,male,16.0
2015000000253-1885803,home,91,23-24,3.0,19,23,male,16.0
2015000000253-1885803,home,116,24-25,4.0,20,0,male,16.0
2015000000253-1885803,home,117,25-26,4.0,21,1,male,16.0
2015000000253-1885803,home,118,26-27,4.0,22,2,male,16.0
2015000000253-1885803,home,119,27-28,4.0,23,3,male,16.0
2015000000253-1885803,home,96,04-05,4.0,0,4,male,16.0
2015000000253-1885803,home,97,05-06,4.0,1,5,male,16.0
2015000000253-1885803,home,98,06-07,4.0,2,6,male,16.0
2015000000253-1885803,school,99,07-08,4.0,3,7,male,16.0
2015000000253-1885803,school,100,08-09,4.0,4,8,male,16.0
2015000000253-1885803,school,101,09-10,4.0,5,9,male,16.0
2015000000253-1885803,school,102,10-11,4.0,6,10,male,16.0
2015000000253-1885803,medical,103,11-12,4.0,7,11,male,16.0
2015000000253-1885803,medical,104,12-13,4.0,8,12,male,16.0
2015000000253-1885803,home,105,13-14,4.0,9,13,male,16.0
2015000000253-1885803,home,106,14-15,4.0,10,14,male,16.0
2015000000253-1885803,home,107,15-16,4.0,11,15,male,16.0
2015000000253-1885803,home,108,16-17,4.0,12,16,male,16.0
2015000000253-1885803,home,109,17-18,4.0,13,17,male,16.0
2015000000253-1885803,home,110,18-19,4.0,14,18,male,16.0
2015000000253-1885803,home,111,19-20,4.0,15,19,male,16.0
2015000000253-1885803,home,112,20-21,4.0,16,20,male,16.0
2015000000253-1885803,home,113,21-22,4.0,17,21,male,16.0
2015000000253-1885803,home,114,22-23,4.0,18,22,male,16.0
2015000000253-1885803,home,115,23-24,4.0,19,23,male,16.0
2015000000253-1885803,home,140,24-25,5.0,20,0,male,16.0
2015000000253-1885803,home,141,25-26,5.0,21,1,male,16.0
2015000000253-1885803,home,142,26-27,5.0,22,2,male,16.0
2015000000253-1885803,home,143,27-28,5.0,23,3,male,16.0
2015000000253-1885803,home,120,04-05,5.0,0,4,male,16.0
2015000000253-1885803,home,121,05-06,5.0,1,5,male,16.0
2015000000253-1885803,home,122,06-07,5.0,2,6,male,16.0
2015000000253-1885803,school,123,07-08,5.0,3,7,male,16.0
2015000000253-1885803,leisure,124,08-09,5.0,4,8,male,16.0
2015000000253-1885803,leisure,125,09-10,5.0,5,9,male,16.0
2015000000253-1885803,home,126,10-11,5.0,6,10,male,16.0
2015000000253-1885803,home,127,11-12,5.0,7,11,male,16.0
2015000000253-1885803,home,128,12-13,5.0,8,12,male,16.0
2015000000253-1885803,home,129,13-14,5.0,9,13,male,16.0
2015000000253-1885803,home,130,14-15,5.0,10,14,male,16.0
2015000000253-1885803,home,131,15-16,5.0,11,15,male,16.0
2015000000253-1885803,home,132,16-17,5.0,12,16,male,16.0
2015000000253-1885803,home,133,17-18,5.0,13,17,male,16.0
2015000000253-1885803,home,134,18-19,5.0,14,18,male,16.0
2015000000253-1885803,home,135,19-20,5.0,15,19,male,16.0
2015000000253-1885803,home,136,20-21,5.0,16,20,male,16.0
2015000000253-1885803,home,137,21-22,5.0,17,21,male,16.0
2015000000253-1885803,home,138,22-23,5.0,18,22,male,16.0
2015000000253-1885803,home,139,23-24,5.0,19,23,male,16.0
2015000000253-1885803,home,164,24-25,6.0,20,0,male,16.0
2015000000253-1885803,home,165,25-26,6.0,21,1,male,16.0
2015000000253-1885803,home,166,26-27,6.0,22,2,male,16.0
2015000000253-1885803,home,167,27-28,6.0,23,3,male,16.0
2015000000253-1885803,home,144,04-05,6.0,0,4,male,16.0
2015000000253-1885803,home,145,05-06,6.0,1,5,male,16.0
2015000000253-1885803,school,146,06-07,6.0,2,6,male,16.0
2015000000253-1885803,school,147,07-08,6.0,3,7,male,16.0
2015000000253-1885803,school,148,08-09,6.0,4,8,male,16.0
2015000000253-1885803,exercise,149,09-10,6.0,5,9,male,16.0
2015000000253-1885803,exercise,150,10-11,6.0,6,10,male,16.0
2015000000253-1885803,home,151,11-12,6.0,7,11,male,16.0
2015000000253-1885803,home,152,12-13,6.0,8,12,male,16.0
2015000000253-1885803,home,153,13-14,6.0,9,13,male,16.0
2015000000253-1885803,home,154,14-15,6.0,10,14,male,16.0
2015000000253-1885803,home,155,15-16,6.0,11,15,male,16.0
2015000000253-1885803,home,156,16-17,6.0,12,16,male,16.0
2015000000253-1885803,home,157,17-18,6.0,13,17,male,16.0
2015000000253-1885803,home,158,18-19,6.0,14,18,male,16.0
2015000000253-1885803,home,159,19-20,6.0,15,19,male,16.0
2015000000253-1885803,home,160,20-21,6.0,16,20,male,16.0
2015000000253-1885803,home,161,21-22,6.0,17,21,male,16.0
2015000000253-1885803,home,162,22-23,6.0,18,22,male,16.0
2015000000253-1885803,home,163,23-24,6.0,19,23,male,16.0
2015000000253-1885804,home,20,24-25,0.0,20,0,male,13.0
2015000000253-1885804,home,21,25-26,0.0,21,1,male,13.0
2015000000253-1885804,home,22,26-27,0.0,22,2,male,13.0
2015000000253-1885804,home,23,27-28,0.0,23,3,male,13.0
2015000000253-1885804,home,0,04-05,0.0,0,4,male,13.0
2015000000253-1885804,home,1,05-06,0.0,1,5,male,13.0
2015000000253-1885804,home,2,06-07,0.0,2,6,male,13.0
2015000000253-1885804,home,3,07-08,0.0,3,7,male,13.0
2015000000253-1885804,home,4,08-09,0.0,4,8,male,13.0
2015000000253-1885804,religious_community,5,09-10,0.0,5,9,male,13.0
2015000000253-1885804,religious_community,6,10-11,0.0,6,10,male,13.0
2015000000253-1885804,meals,7,11-12,0.0,7,11,male,13.0
2015000000253-1885804,meals,8,12-13,0.0,8,12,male,13.0
2015000000253-1885804,home,9,13-14,0.0,9,13,male,13.0
2015000000253-1885804,home,10,14-15,0.0,10,14,male,13.0
2015000000253-1885804,home,11,15-16,0.0,11,15,male,13.0
2015000000253-1885804,home,12,16-17,0.0,12,16,male,13.0
2015000000253-1885804,home,13,17-18,0.0,13,17,male,13.0
2015000000253-1885804,home,14,18-19,0.0,14,18,male,13.0
2015000000253-1885804,home,15,19-20,0.0,15,19,male,13.0
2015000000253-1885804,home,16,20-21,0.0,16,20,male,13.0
2015000000253-1885804,home,17,21-22,0.0,17,21,male,13.0
2015000000253-1885804,home,18,22-23,0.0,18,22,male,13.0
2015000000253-1885804,home,19,23-24,0.0,19,23,male,13.0
2015000000253-1885804,home,44,24-25,1.0,20,0,male,13.0
2015000000253-1885804,home,45,25-26,1.0,21,1,male,13.0
2015000000253-1885804,home,46,26-27,1.0,22,2,male,13.0
2015000000253-1885804,home,47,27-28,1.0,23,3,male,13.0
2015000000253-1885804,home,24,04-05,1.0,0,4,male,13.0
2015000000253-1885804,home,25,05-06,1.0,1,5,male,13.0
2015000000253-1885804,home,26,06-07,1.0,2,6,male,13.0
2015000000253-1885804,home,27,07-08,1.0,3,7,male,13.0
2015000000253-1885804,school,28,08-09,1.0,4,8,male,13.0
2015000000253-1885804,school,29,09-10,1.0,5,9,male,13.0
2015000000253-1885804,school,30,10-11,1.0,6,10,male,13.0
2015000000253-1885804,school,31,11-12,1.0,7,11,male,13.0
2015000000253-1885804,school,32,12-13,1.0,8,12,male,13.0
2015000000253-1885804,school,33,13-14,1.0,9,13,male,13.0
2015000000253-1885804,school,34,14-15,1.0,10,14,male,13.0
2015000000253-1885804,school,35,15-16,1.0,11,15,male,13.0
2015000000253-1885804,leisure,36,16-17,1.0,12,16,male,13.0
2015000000253-1885804,leisure,37,17-18,1.0,13,17,male,13.0
2015000000253-1885804,home,38,18-19,1.0,14,18,male,13.0
2015000000253-1885804,home,39,19-20,1.0,15,19,male,13.0
2015000000253-1885804,home,40,20-21,1.0,16,20,male,13.0
2015000000253-1885804,home,41,21-22,1.0,17,21,male,13.0
2015000000253-1885804,home,42,22-23,1.0,18,22,male,13.0
2015000000253-1885804,home,43,23-24,1.0,19,23,male,13.0
2015000000253-1885804,home,68,24-25,2.0,20,0,male,13.0
2015000000253-1885804,home,69,25-26,2.0,21,1,male,13.0
2015000000253-1885804,home,70,26-27,2.0,22,2,male,13.0
2015000000253-1885804,home,71,27-28,2.0,23,3,male,13.0
2015000000253-1885804,home,48,04-05,2.0,0,4,male,13.0
2015000000253-1885804,home,49,05-06,2.0,1,5,male,13.0
2015000000253-1885804,home,50,06-07,2.0,2,6,male,13.0
2015000000253-1885804,home,51,07-08,2.0,3,7,male,13.0
2015000000253-1885804,school,52,08-09,2.0,4,8,male,13.0
2015000000253-1885804,school,53,09-10,2.0,5,9,male,13.0
2015000000253-1885804,school,54,10-11,2.0,6,10,male,13.0
2015000000253-1885804,school,55,11-12,2.0,7,11,male,13.0
2015000000253-1885804,school,56,12-13,2.0,8,12,male,13.0
2015000000253-1885804,school,57,13-14,2.0,9,13,male,13.0
2015000000253-1885804,school,58,14-15,2.0,10,14,male,13.0
2015000000253-1885804,school,59,15-16,2.0,11,15,male,13.0
2015000000253-1885804,school,60,16-17,2.0,12,16,male,13.0
2015000000253-1885804,school,61,17-18,2.0,13,17,male,13.0
2015000000253-1885804,school,62,18-19,2.0,14,18,male,13.0
2015000000253-1885804,school,63,19-20,2.0,15,19,male,13.0
2015000000253-1885804,school,64,20-21,2.0,16,20,male,13.0
2015000000253-1885804,school,65,21-22,2.0,17,21,male,13.0
2015000000253-1885804,school,66,22-23,2.0,18,22,male,13.0
2015000000253-1885804,home,67,23-24,2.0,19,23,male,13.0
2015000000253-1885804,home,92,24-25,3.0,20,0,male,13.0
2015000000253-1885804,home,93,25-26,3.0,21,1,male,13.0
2015000000253-1885804,home,94,26-27,3.0,22,2,male,13.0
2015000000253-1885804,home,95,27-28,3.0,23,3,male,13.0
2015000000253-1885804,home,72,04-05,3.0,0,4,male,13.0
2015000000253-1885804,home,73,05-06,3.0,1,5,male,13.0
2015000000253-1885804,home,74,06-07,3.0,2,6,male,13.0
2015000000253-1885804,home,75,07-08,3.0,3,7,male,13.0
2015000000253-1885804,school,76,08-09,3.0,4,8,male,13.0
2015000000253-1885804,school,77,09-10,3.0,5,9,male,13.0
2015000000253-1885804,school,78,10-11,3.0,6,10,male,13.0
2015000000253-1885804,school,79,11-12,3.0,7,11,male,13.0
2015000000253-1885804,school,80,12-13,3.0,8,12,male,13.0
2015000000253-1885804,school,81,13-14,3.0,9,13,male,13.0
2015000000253-1885804,services,82,14-15,3.0,10,14,male,13.0
2015000000253-1885804,home,83,15-16,3.0,11,15,male,13.0
2015000000253-1885804,home,84,16-17,3.0,12,16,male,13.0
2015000000253-1885804,home,85,17-18,3.0,13,17,male,13.0
2015000000253-1885804,home,86,18-19,3.0,14,18,male,13.0
2015000000253-1885804,home,87,19-20,3.0,15,19,male,13.0
2015000000253-1885804,home,88,20-21,3.0,16,20,male,13.0
2015000000253-1885804,home,89,21-22,3.0,17,21,male,13.0
2015000000253-1885804,home,90,22-23,3.0,18,22,male,13.0
2015000000253-1885804,home,91,23-24,3.0,19,23,male,13.0
2015000000253-1885804,home,116,24-25,4.0,20,0,male,13.0
2015000000253-1885804,home,117,25-26,4.0,21,1,male,13.0
2015000000253-1885804,home,118,26-27,4.0,22,2,male,13.0
2015000000253-1885804,home,119,27-28,4.0,23,3,male,13.0
2015000000253-1885804,home,96,04-05,4.0,0,4,male,13.0
2015000000253-1885804,home,97,05-06,4.0,1,5,male,13.0
2015000000253-1885804,home,98,06-07,4.0,2,6,male,13.0
2015000000253-1885804,home,99,07-08,4.0,3,7,male,13.0
2015000000253-1885804,school,100,08-09,4.0,4,8,male,13.0
2015000000253-1885804,school,101,09-10,4.0,5,9,male,13.0
2015000000253-1885804,school,102,10-11,4.0,6,10,male,13.0
2015000000253-1885804,school,103,11-12,4.0,7,11,male,13.0
2015000000253-1885804,school,104,12-13,4.0,8,12,male,13.0
2015000000253-1885804,school,105,13-14,4.0,9,13,male,13.0
2015000000253-1885804,school,106,14-15,4.0,10,14,male,13.0
2015000000253-1885804,meals,107,15-16,4.0,11,15,male,13.0
2015000000253-1885804,meals,108,16-17,4.0,12,16,male,13.0
2015000000253-1885804,exercise,109,17-18,4.0,13,17,male,13.0
2015000000253-1885804,exercise,110,18-19,4.0,14,18,male,13.0
2015000000253-1885804,exercise,111,19-20,4.0,15,19,male,13.0
2015000000253-1885804,home,112,20-21,4.0,16,20,male,13.0
2015000000253-1885804,home,113,21-22,4.0,17,21,male,13.0
2015000000253-1885804,home,114,22-23,4.0,18,22,male,13.0
2015000000253-1885804,home,115,23-24,4.0,19,23,male,13.0
2015000000253-1885804,home,140,24-25,5.0,20,0,male,13.0
2015000000253-1885804,home,141,25-26,5.0,21,1,male,13.0
2015000000253-1885804,home,142,26-27,5.0,22,2,male,13.0
2015000000253-1885804,home,143,27-28,5.0,23,3,male,13.0
2015000000253-1885804,home,120,04-05,5.0,0,4,male,13.0
2015000000253-1885804,home,121,05-06,5.0,1,5,male,13.0
2015000000253-1885804,home,122,06-07,5.0,2,6,male,13.0
2015000000253-1885804,home,123,07-08,5.0,3,7,male,13.0
2015000000253-1885804,school,124,08-09,5.0,4,8,male,13.0
2015000000253-1885804,school,125,09-10,5.0,5,9,male,13.0
2015000000253-1885804,school,126,10-11,5.0,6,10,male,13.0
2015000000253-1885804,school,127,11-12,5.0,7,11,male,13.0
2015000000253-1885804,school,128,12-13,5.0,8,12,male,13.0
2015000000253-1885804,school,129,13-14,5.0,9,13,male,13.0
2015000000253-1885804,home,130,14-15,5.0,10,14,male,13.0
2015000000253-1885804,home,131,15-16,5.0,11,15,male,13.0
2015000000253-1885804,home,132,16-17,5.0,12,16,male,13.0
2015000000253-1885804,home,133,17-18,5.0,13,17,male,13.0
2015000000253-1885804,home,134,18-19,5.0,14,18,male,13.0
2015000000253-1885804,home,135,19-20,5.0,15,19,male,13.0
2015000000253-1885804,home,136,20-21,5.0,16,20,male,13.0
2015000000253-1885804,home,137,21-22,5.0,17,21,male,13.0
2015000000253-1885804,home,138,22-23,5.0,18,22,male,13.0
2015000000253-1885804,home,139,23-24,5.0,19,23,male,13.0
2015000000253-1885804,home,164,24-25,6.0,20,0,male,13.0
2015000000253-1885804,home,165,25-26,6.0,21,1,male,13.0
2015000000253-1885804,home,166,26-27,6.0,22,2,male,13.0
2015000000253-1885804,home,167,27-28,6.0,23,3,male,13.0
2015000000253-1885804,home,144,04-05,6.0,0,4,male,13.0
2015000000253-1885804,home,145,05-06,6.0,1,5,male,13.0
2015000000253-1885804,home,146,06-07,6.0,2,6,male,13.0
2015000000253-1885804,home,147,07-08,6.0,3,7,male,13.0
2015000000253-1885804,home,148,08-09,6.0,4,8,male,13.0
2015000000253-1885804,home,149,09-10,6.0,5,9,male,13.0
2015000000253-1885804,home,150,10-11,6.0,6,10,male,13.0
2015000000253-1885804,leisure,151,11-12,6.0,7,11,male,13.0
2015000000253-1885804,leisure,152,12-13,6.0,8,12,male,13.0
2015000000253-1885804,leisure,153,13-14,6.0,9,13,male,13.0
2015000000253-1885804,leisure,154,14-15,6.0,10,14,male,13.0
2015000000253-1885804,leisure,155,15-16,6.0,11,15,male,13.0
2015000000253-1885804,leisure,156,16-17,6.0,12,16,male,13.0
2015000000253-1885804,leisure,157,17-18,6.0,13,17,male,13.0
2015000000253-1885804,leisure,158,18-19,6.0,14,18,male,13.0
2015000000253-1885804,home,159,19-20,6.0,15,19,male,13.0
2015000000253-1885804,home,160,20-21,6.0,16,20,male,13.0
2015000000253-1885804,home,161,21-22,6.0,17,21,male,13.0
2015000000253-1885804,home,162,22-23,6.0,18,22,male,13.0
2015000000253-1885804,home,163,23-24,6.0,19,23,male,13.0
2015000000253-1885901,home,20,24-25,0.0,20,0,male,83.0
2015000000253-1885901,home,21,25-26,0.0,21,1,male,83.0
2015000000253-1885901,home,22,26-27,0.0,22,2,male,83.0
2015000000253-1885901,home,23,27-28,0.0,23,3,male,83.0
2015000000253-1885901,home,0,04-05,0.0,0,4,male,83.0
2015000000253-1885901,home,1,05-06,0.0,1,5,male,83.0
2015000000253-1885901,home,2,06-07,0.0,2,6,male,83.0
2015000000253-1885901,home,3,07-08,0.0,3,7,male,83.0
2015000000253-1885901,home,4,08-09,0.0,4,8,male,83.0
2015000000253-1885901,visit_friends_relatives,5,09-10,0.0,5,9,male,83.0
2015000000253-1885901,childcare,6,10-11,0.0,6,10,male,83.0
2015000000253-1885901,childcare,7,11-12,0.0,7,11,male,83.0
2015000000253-1885901,home,8,12-13,0.0,8,12,male,83.0
2015000000253-1885901,home,9,13-14,0.0,9,13,male,83.0
2015000000253-1885901,home,10,14-15,0.0,10,14,male,83.0
2015000000253-1885901,home,11,15-16,0.0,11,15,male,83.0
2015000000253-1885901,home,12,16-17,0.0,12,16,male,83.0
2015000000253-1885901,home,13,17-18,0.0,13,17,male,83.0
2015000000253-1885901,home,14,18-19,0.0,14,18,male,83.0
2015000000253-1885901,home,15,19-20,0.0,15,19,male,83.0
2015000000253-1885901,home,16,20-21,0.0,16,20,male,83.0
2015000000253-1885901,home,17,21-22,0.0,17,21,male,83.0
2015000000253-1885901,home,18,22-23,0.0,18,22,male,83.0
2015000000253-1885901,home,19,23-24,0.0,19,23,male,83.0
2015000000253-1885901,home,44,24-25,1.0,20,0,male,83.0
2015000000253-1885901,home,45,25-26,1.0,21,1,male,83.0
2015000000253-1885901,home,46,26-27,1.0,22,2,male,83.0
2015000000253-1885901,home,47,27-28,1.0,23,3,male,83.0
2015000000253-1885901,home,24,04-05,1.0,0,4,male,83.0
2015000000253-1885901,home,25,05-06,1.0,1,5,male,83.0
2015000000253-1885901,exercise,26,06-07,1.0,2,6,male,83.0
2015000000253-1885901,home,27,07-08,1.0,3,7,male,83.0
2015000000253-1885901,home,28,08-09,1.0,4,8,male,83.0
2015000000253-1885901,home,29,09-10,1.0,5,9,male,83.0
2015000000253-1885901,home,30,10-11,1.0,6,10,male,83.0
2015000000253-1885901,home,31,11-12,1.0,7,11,male,83.0
2015000000253-1885901,home,32,12-13,1.0,8,12,male,83.0
2015000000253-1885901,home,33,13-14,1.0,9,13,male,83.0
2015000000253-1885901,home,34,14-15,1.0,10,14,male,83.0
2015000000253-1885901,home,35,15-16,1.0,11,15,male,83.0
2015000000253-1885901,home,36,16-17,1.0,12,16,male,83.0
2015000000253-1885901,home,37,17-18,1.0,13,17,male,83.0
2015000000253-1885901,home,38,18-19,1.0,14,18,male,83.0
2015000000253-1885901,home,39,19-20,1.0,15,19,male,83.0
2015000000253-1885901,home,40,20-21,1.0,16,20,male,83.0
2015000000253-1885901,home,41,21-22,1.0,17,21,male,83.0
2015000000253-1885901,home,42,22-23,1.0,18,22,male,83.0
2015000000253-1885901,home,43,23-24,1.0,19,23,male,83.0
2015000000253-1885901,home,68,24-25,2.0,20,0,male,83.0
2015000000253-1885901,home,69,25-26,2.0,21,1,male,83.0
2015000000253-1885901,home,70,26-27,2.0,22,2,male,83.0
2015000000253-1885901,home,71,27-28,2.0,23,3,male,83.0
2015000000253-1885901,home,48,04-05,2.0,0,4,male,83.0
2015000000253-1885901,home,49,05-06,2.0,1,5,male,83.0
2015000000253-1885901,home,50,06-07,2.0,2,6,male,83.0
2015000000253-1885901,home,51,07-08,2.0,3,7,male,83.0
2015000000253-1885901,home,52,08-09,2.0,4,8,male,83.0
2015000000253-1885901,home,53,09-10,2.0,5,9,male,83.0
2015000000253-1885901,home,54,10-11,2.0,6,10,male,83.0
2015000000253-1885901,exercise,55,11-12,2.0,7,11,male,83.0
2015000000253-1885901,exercise,56,12-13,2.0,8,12,male,83.0
2015000000253-1885901,exercise,57,13-14,2.0,9,13,male,83.0
2015000000253-1885901,home,58,14-15,2.0,10,14,male,83.0
2015000000253-1885901,home,59,15-16,2.0,11,15,male,83.0
2015000000253-1885901,home,60,16-17,2.0,12,16,male,83.0
2015000000253-1885901,home,61,17-18,2.0,13,17,male,83.0
2015000000253-1885901,home,62,18-19,2.0,14,18,male,83.0
2015000000253-1885901,home,63,19-20,2.0,15,19,male,83.0
2015000000253-1885901,home,64,20-21,2.0,16,20,male,83.0
2015000000253-1885901,home,65,21-22,2.0,17,21,male,83.0
2015000000253-1885901,home,66,22-23,2.0,18,22,male,83.0
2015000000253-1885901,home,67,23-24,2.0,19,23,male,83.0
2015000000253-1885901,home,92,24-25,3.0,20,0,male,83.0
2015000000253-1885901,home,93,25-26,3.0,21,1,male,83.0
2015000000253-1885901,home,94,26-27,3.0,22,2,male,83.0
2015000000253-1885901,home,95,27-28,3.0,23,3,male,83.0
2015000000253-1885901,home,72,04-05,3.0,0,4,male,83.0
2015000000253-1885901,home,73,05-06,3.0,1,5,male,83.0
2015000000253-1885901,home,74,06-07,3.0,2,6,male,83.0
2015000000253-1885901,home,75,07-08,3.0,3,7,male,83.0
2015000000253-1885901,home,76,08-09,3.0,4,8,male,83.0
2015000000253-1885901,meals,77,09-10,3.0,5,9,male,83.0
2015000000253-1885901,meals,78,10-11,3.0,6,10,male,83.0
2015000000253-1885901,meals,79,11-12,3.0,7,11,male,83.0
2015000000253-1885901,home,80,12-13,3.0,8,12,male,83.0
2015000000253-1885901,home,81,13-14,3.0,9,13,male,83.0
2015000000253-1885901,home,82,14-15,3.0,10,14,male,83.0
2015000000253-1885901,home,83,15-16,3.0,11,15,male,83.0
2015000000253-1885901,home,84,16-17,3.0,12,16,male,83.0
2015000000253-1885901,home,85,17-18,3.0,13,17,male,83.0
2015000000253-1885901,home,86,18-19,3.0,14,18,male,83.0
2015000000253-1885901,home,87,19-20,3.0,15,19,male,83.0
2015000000253-1885901,home,88,20-21,3.0,16,20,male,83.0
2015000000253-1885901,home,89,21-22,3.0,17,21,male,83.0
2015000000253-1885901,home,90,22-23,3.0,18,22,male,83.0
2015000000253-1885901,home,91,23-24,3.0,19,23,male,83.0
2015000000253-1885901,home,116,24-25,4.0,20,0,male,83.0
2015000000253-1885901,home,117,25-26,4.0,21,1,male,83.0
2015000000253-1885901,home,118,26-27,4.0,22,2,male,83.0
2015000000253-1885901,home,119,27-28,4.0,23,3,male,83.0
2015000000253-1885901,home,96,04-05,4.0,0,4,male,83.0
2015000000253-1885901,home,97,05-06,4.0,1,5,male,83.0
2015000000253-1885901,leisure,98,06-07,4.0,2,6,male,83.0
2015000000253-1885901,leisure,99,07-08,4.0,3,7,male,83.0
2015000000253-1885901,leisure,100,08-09,4.0,4,8,male,83.0
2015000000253-1885901,leisure,101,09-10,4.0,5,9,male,83.0
2015000000253-1885901,change_transp,102,10-11,4.0,6,10,male,83.0
2015000000253-1885901,change_transp,103,11-12,4.0,7,11,male,83.0
2015000000253-1885901,home,104,12-13,4.0,8,12,male,83.0
2015000000253-1885901,home,105,13-14,4.0,9,13,male,83.0
2015000000253-1885901,home,106,14-15,4.0,10,14,male,83.0
2015000000253-1885901,home,107,15-16,4.0,11,15,male,83.0
2015000000253-1885901,home,108,16-17,4.0,12,16,male,83.0
2015000000253-1885901,home,109,17-18,4.0,13,17,male,83.0
2015000000253-1885901,home,110,18-19,4.0,14,18,male,83.0
2015000000253-1885901,home,111,19-20,4.0,15,19,male,83.0
2015000000253-1885901,home,112,20-21,4.0,16,20,male,83.0
2015000000253-1885901,home,113,21-22,4.0,17,21,male,83.0
2015000000253-1885901,home,114,22-23,4.0,18,22,male,83.0
2015000000253-1885901,home,115,23-24,4.0,19,23,male,83.0
2015000000253-1885901,home,140,24-25,5.0,20,0,male,83.0
2015000000253-1885901,home,141,25-26,5.0,21,1,male,83.0
2015000000253-1885901,home,142,26-27,5.0,22,2,male,83.0
2015000000253-1885901,home,143,27-28,5.0,23,3,male,83.0
2015000000253-1885901,home,120,04-05,5.0,0,4,male,83.0
2015000000253-1885901,home,121,05-06,5.0,1,5,male,83.0
2015000000253-1885901,home,122,06-07,5.0,2,6,male,83.0
2015000000253-1885901,retail,123,07-08,5.0,3,7,male,83.0
2015000000253-1885901,childcare,124,08-09,5.0,4,8,male,83.0
2015000000253-1885901,home,125,09-10,5.0,5,9,male,83.0
2015000000253-1885901,home,126,10-11,5.0,6,10,male,83.0
2015000000253-1885901,home,127,11-12,5.0,7,11,male,83.0
2015000000253-1885901,home,128,12-13,5.0,8,12,male,83.0
2015000000253-1885901,home,129,13-14,5.0,9,13,male,83.0
2015000000253-1885901,home,130,14-15,5.0,10,14,male,83.0
2015000000253-1885901,home,131,15-16,5.0,11,15,male,83.0
2015000000253-1885901,home,132,16-17,5.0,12,16,male,83.0
2015000000253-1885901,home,133,17-18,5.0,13,17,male,83.0
2015000000253-1885901,home,134,18-19,5.0,14,18,male,83.0
2015000000253-1885901,home,135,19-20,5.0,15,19,male,83.0
2015000000253-1885901,home,136,20-21,5.0,16,20,male,83.0
2015000000253-1885901,home,137,21-22,5.0,17,21,male,83.0
2015000000253-1885901,home,138,22-23,5.0,18,22,male,83.0
2015000000253-1885901,home,139,23-24,5.0,19,23,male,83.0
2015000000253-1885901,home,164,24-25,6.0,20,0,male,83.0
2015000000253-1885901,home,165,25-26,6.0,21,1,male,83.0
2015000000253-1885901,home,166,26-27,6.0,22,2,male,83.0
2015000000253-1885901,home,167,27-28,6.0,23,3,male,83.0
2015000000253-1885901,home,144,04-05,6.0,0,4,male,83.0
2015000000253-1885901,home,145,05-06,6.0,1,5,male,83.0
2015000000253-1885901,home,146,06-07,6.0,2,6,male,83.0
2015000000253-1885901,home,147,07-08,6.0,3,7,male,83.0
2015000000253-1885901,home,148,08-09,6.0,4,8,male,83.0
2015000000253-1885901,volunteer,149,09-10,6.0,5,9,male,83.0
2015000000253-1885901,volunteer,150,10-11,6.0,6,10,male,83.0
2015000000253-1885901,volunteer,151,11-12,6.0,7,11,male,83.0
2015000000253-1885901,volunteer,152,12-13,6.0,8,12,male,83.0
2015000000253-1885901,home,153,13-14,6.0,9,13,male,83.0
2015000000253-1885901,home,154,14-15,6.0,10,14,male,83.0
2015000000253-1885901,home,155,15-16,6.0,11,15,male,83.0
2015000000253-1885901,home,156,16-17,6.0,12,16,male,83.0
2015000000253-1885901,home,157,17-18,6.0,13,17,male,83.0
2015000000253-1885901,home,158,18-19,6.0,14,18,male,83.0
2015000000253-1885901,home,159,19-20,6.0,15,19,male,83.0
2015000000253-1885901,home,160,20-21,6.0,16,20,male,83.0
2015000000253-1885901,home,161,21-22,6.0,17,21,male,83.0
2015000000253-1885901,home,162,22-23,6.0,18,22,male,83.0
2015000000253-1885901,home,163,23-24,6.0,19,23,male,83.0
2015000000253-1885902,home,20,24-25,0.0,20,0,female,72.0
2015000000253-1885902,home,21,25-26,0.0,21,1,female,72.0
2015000000253-1885902,home,22,26-27,0.0,22,2,female,72.0
2015000000253-1885902,home,23,27-28,0.0,23,3,female,72.0
2015000000253-1885902,home,0,04-05,0.0,0,4,female,72.0
2015000000253-1885902,home,1,05-06,0.0,1,5,female,72.0
2015000000253-1885902,home,2,06-07,0.0,2,6,female,72.0
2015000000253-1885902,home,3,07-08,0.0,3,7,female,72.0
2015000000253-1885902,home,4,08-09,0.0,4,8,female,72.0
2015000000253-1885902,home,5,09-10,0.0,5,9,female,72.0
2015000000253-1885902,home,6,10-11,0.0,6,10,female,72.0
2015000000253-1885902,home,7,11-12,0.0,7,11,female,72.0
2015000000253-1885902,home,8,12-13,0.0,8,12,female,72.0
2015000000253-1885902,home,9,13-14,0.0,9,13,female,72.0
2015000000253-1885902,home,10,14-15,0.0,10,14,female,72.0
2015000000253-1885902,home,11,15-16,0.0,11,15,female,72.0
2015000000253-1885902,home,12,16-17,0.0,12,16,female,72.0
2015000000253-1885902,home,13,17-18,0.0,13,17,female,72.0
2015000000253-1885902,home,14,18-19,0.0,14,18,female,72.0
2015000000253-1885902,home,15,19-20,0.0,15,19,female,72.0
2015000000253-1885902,home,16,20-21,0.0,16,20,female,72.0
2015000000253-1885902,home,17,21-22,0.0,17,21,female,72.0
2015000000253-1885902,home,18,22-23,0.0,18,22,female,72.0
2015000000253-1885902,home,19,23-24,0.0,19,23,female,72.0
2015000000253-1885902,home,44,24-25,1.0,20,0,female,72.0
2015000000253-1885902,home,45,25-26,1.0,21,1,female,72.0
2015000000253-1885902,home,46,26-27,1.0,22,2,female,72.0
2015000000253-1885902,home,47,27-28,1.0,23,3,female,72.0
2015000000253-1885902,home,24,04-05,1.0,0,4,female,72.0
2015000000253-1885902,home,25,05-06,1.0,1,5,female,72.0
2015000000253-1885902,home,26,06-07,1.0,2,6,female,72.0
2015000000253-1885902,home,27,07-08,1.0,3,7,female,72.0
2015000000253-1885902,medical,28,08-09,1.0,4,8,female,72.0
2015000000253-1885902,home,29,09-10,1.0,5,9,female,72.0
2015000000253-1885902,home,30,10-11,1.0,6,10,female,72.0
2015000000253-1885902,home,31,11-12,1.0,7,11,female,72.0
2015000000253-1885902,home,32,12-13,1.0,8,12,female,72.0
2015000000253-1885902,home,33,13-14,1.0,9,13,female,72.0
2015000000253-1885902,home,34,14-15,1.0,10,14,female,72.0
2015000000253-1885902,home,35,15-16,1.0,11,15,female,72.0
2015000000253-1885902,home,36,16-17,1.0,12,16,female,72.0
2015000000253-1885902,home,37,17-18,1.0,13,17,female,72.0
2015000000253-1885902,home,38,18-19,1.0,14,18,female,72.0
2015000000253-1885902,home,39,19-20,1.0,15,19,female,72.0
2015000000253-1885902,home,40,20-21,1.0,16,20,female,72.0
2015000000253-1885902,home,41,21-22,1.0,17,21,female,72.0
2015000000253-1885902,home,42,22-23,1.0,18,22,female,72.0
2015000000253-1885902,home,43,23-24,1.0,19,23,female,72.0
2015000000253-1885902,home,68,24-25,2.0,20,0,female,72.0
2015000000253-1885902,home,69,25-26,2.0,21,1,female,72.0
2015000000253-1885902,home,70,26-27,2.0,22,2,female,72.0
2015000000253-1885902,home,71,27-28,2.0,23,3,female,72.0
2015000000253-1885902,home,48,04-05,2.0,0,4,female,72.0
2015000000253-1885902,home,49,05-06,2.0,1,5,female,72.0
2015000000253-1885902,home,50,06-07,2.0,2,6,female,72.0
2015000000253-1885902,home,51,07-08,2.0,3,7,female,72.0
2015000000253-1885902,home,52,08-09,2.0,4,8,female,72.0
2015000000253-1885902,home,53,09-10,2.0,5,9,female,72.0
2015000000253-1885902,services,54,10-11,2.0,6,10,female,72.0
2015000000253-1885902,home,55,11-12,2.0,7,11,female,72.0
2015000000253-1885902,home,56,12-13,2.0,8,12,female,72.0
2015000000253-1885902,home,57,13-14,2.0,9,13,female,72.0
2015000000253-1885902,home,58,14-15,2.0,10,14,female,72.0
2015000000253-1885902,home,59,15-16,2.0,11,15,female,72.0
2015000000253-1885902,home,60,16-17,2.0,12,16,female,72.0
2015000000253-1885902,home,61,17-18,2.0,13,17,female,72.0
2015000000253-1885902,home,62,18-19,2.0,14,18,female,72.0
2015000000253-1885902,home,63,19-20,2.0,15,19,female,72.0
2015000000253-1885902,home,64,20-21,2.0,16,20,female,72.0
2015000000253-1885902,home,65,21-22,2.0,17,21,female,72.0
2015000000253-1885902,home,66,22-23,2.0,18,22,female,72.0
2015000000253-1885902,home,67,23-24,2.0,19,23,female,72.0
2015000000253-1885902,home,92,24-25,3.0,20,0,female,72.0
2015000000253-1885902,home,93,25-26,3.0,21,1,female,72.0
2015000000253-1885902,home,94,26-27,3.0,22,2,female,72.0
2015000000253-1885902,home,95,27-28,3.0,23,3,female,72.0
2015000000253-1885902,home,72,04-05,3.0,0,4,female,72.0
2015000000253-1885902,services,73,05-06,3.0,1,5,female,72.0
2015000000253-1885902,home,74,06-07,3.0,2,6,female,72.0
2015000000253-1885902,home,75,07-08,3.0,3,7,female,72.0
2015000000253-1885902,home,76,08-09,3.0,4,8,female,72.0
2015000000253-1885902,home,77,09-10,3.0,5,9,female,72.0
2015000000253-1885902,home,78,10-11,3.0,6,10,female,72.0
2015000000253-1885902,home,79,11-12,3.0,7,11,female,72.0
2015000000253-1885902,home,80,12-13,3.0,8,12,female,72.0
2015000000253-1885902,home,81,13-14,3.0,9,13,female,72.0
2015000000253-1885902,home,82,14-15,3.0,10,14,female,72.0
2015000000253-1885902,home,83,15-16,3.0,11,15,female,72.0
2015000000253-1885902,home,84,16-17,3.0,12,16,female,72.0
2015000000253-1885902,home,85,17-18,3.0,13,17,female,72.0
2015000000253-1885902,home,86,18-19,3.0,14,18,female,72.0
2015000000253-1885902,home,87,19-20,3.0,15,19,female,72.0
2015000000253-1885902,home,88,20-21,3.0,16,20,female,72.0
2015000000253-1885902,home,89,21-22,3.0,17,21,female,72.0
2015000000253-1885902,home,90,22-23,3.0,18,22,female,72.0
2015000000253-1885902,home,91,23-24,3.0,19,23,female,72.0
2015000000253-1885902,home,116,24-25,4.0,20,0,female,72.0
2015000000253-1885902,home,117,25-26,4.0,21,1,female,72.0
2015000000253-1885902,home,118,26-27,4.0,22,2,female,72.0
2015000000253-1885902,home,119,27-28,4.0,23,3,female,72.0
2015000000253-1885902,home,96,04-05,4.0,0,4,female,72.0
2015000000253-1885902,home,97,05-06,4.0,1,5,female,72.0
2015000000253-1885902,home,98,06-07,4.0,2,6,female,72.0
2015000000253-1885902,home,99,07-08,4.0,3,7,female,72.0
2015000000253-1885902,home,100,08-09,4.0,4,8,female,72.0
2015000000253-1885902,home,101,09-10,4.0,5,9,female,72.0
2015000000253-1885902,home,102,10-11,4.0,6,10,female,72.0
2015000000253-1885902,home,103,11-12,4.0,7,11,female,72.0
2015000000253-1885902,home,104,12-13,4.0,8,12,female,72.0
2015000000253-1885902,home,105,13-14,4.0,9,13,female,72.0
2015000000253-1885902,home,106,14-15,4.0,10,14,female,72.0
2015000000253-1885902,home,107,15-16,4.0,11,15,female,72.0
2015000000253-1885902,home,108,16-17,4.0,12,16,female,72.0
2015000000253-1885902,home,109,17-18,4.0,13,17,female,72.0
2015000000253-1885902,home,110,18-19,4.0,14,18,female,72.0
2015000000253-1885902,home,111,19-20,4.0,15,19,female,72.0
2015000000253-1885902,home,112,20-21,4.0,16,20,female,72.0
2015000000253-1885902,home,113,21-22,4.0,17,21,female,72.0
2015000000253-1885902,home,114,22-23,4.0,18,22,female,72.0
2015000000253-1885902,home,115,23-24,4.0,19,23,female,72.0
2015000000253-1885902,home,140,24-25,5.0,20,0,female,72.0
2015000000253-1885902,home,141,25-26,5.0,21,1,female,72.0
2015000000253-1885902,home,142,26-27,5.0,22,2,female,72.0
2015000000253-1885902,home,143,27-28,5.0,23,3,female,72.0
2015000000253-1885902,home,120,04-05,5.0,0,4,female,72.0
2015000000253-1885902,retail,121,05-06,5.0,1,5,female,72.0
2015000000253-1885902,childcare,122,06-07,5.0,2,6,female,72.0
2015000000253-1885902,home,123,07-08,5.0,3,7,female,72.0
2015000000253-1885902,home,124,08-09,5.0,4,8,female,72.0
2015000000253-1885902,home,125,09-10,5.0,5,9,female,72.0
2015000000253-1885902,home,126,10-11,5.0,6,10,female,72.0
2015000000253-1885902,home,127,11-12,5.0,7,11,female,72.0
2015000000253-1885902,home,128,12-13,5.0,8,12,female,72.0
2015000000253-1885902,home,129,13-14,5.0,9,13,female,72.0
2015000000253-1885902,home,130,14-15,5.0,10,14,female,72.0
2015000000253-1885902,home,131,15-16,5.0,11,15,female,72.0
2015000000253-1885902,home,132,16-17,5.0,12,16,female,72.0
2015000000253-1885902,home,133,17-18,5.0,13,17,female,72.0
2015000000253-1885902,home,134,18-19,5.0,14,18,female,72.0
2015000000253-1885902,home,135,19-20,5.0,15,19,female,72.0
2015000000253-1885902,home,136,20-21,5.0,16,20,female,72.0
2015000000253-1885902,home,137,21-22,5.0,17,21,female,72.0
2015000000253-1885902,home,138,22-23,5.0,18,22,female,72.0
2015000000253-1885902,home,139,23-24,5.0,19,23,female,72.0
2015000000253-1885902,home,164,24-25,6.0,20,0,female,72.0
2015000000253-1885902,home,165,25-26,6.0,21,1,female,72.0
2015000000253-1885902,home,166,26-27,6.0,22,2,female,72.0
2015000000253-1885902,home,167,27-28,6.0,23,3,female,72.0
2015000000253-1885902,home,144,04-05,6.0,0,4,female,72.0
2015000000253-1885902,home,145,05-06,6.0,1,5,female,72.0
2015000000253-1885902,retail,146,06-07,6.0,2,6,female,72.0
2015000000253-1885902,volunteer,147,07-08,6.0,3,7,female,72.0
2015000000253-1885902,volunteer,148,08-09,6.0,4,8,female,72.0
2015000000253-1885902,volunteer,149,09-10,6.0,5,9,female,72.0
2015000000253-1885902,volunteer,150,10-11,6.0,6,10,female,72.0
2015000000253-1885902,volunteer,151,11-12,6.0,7,11,female,72.0
2015000000253-1885902,home,152,12-13,6.0,8,12,female,72.0
2015000000253-1885902,home,153,13-14,6.0,9,13,female,72.0
2015000000253-1885902,home,154,14-15,6.0,10,14,female,72.0
2015000000253-1885902,home,155,15-16,6.0,11,15,female,72.0
2015000000253-1885902,home,156,16-17,6.0,12,16,female,72.0
2015000000253-1885902,home,157,17-18,6.0,13,17,female,72.0
2015000000253-1885902,home,158,18-19,6.0,14,18,female,72.0
2015000000253-1885902,home,159,19-20,6.0,15,19,female,72.0
2015000000253-1885902,home,160,20-21,6.0,16,20,female,72.0
2015000000253-1885902,home,161,21-22,6.0,17,21,female,72.0
2015000000253-1885902,home,162,22-23,6.0,18,22,female,72.0
2015000000253-1885902,home,163,23-24,6.0,19,23,female,72.0
2015000000253-1885903,home,20,24-25,0.0,20,0,male,16.0
2015000000253-1885903,home,21,25-26,0.0,21,1,male,16.0
2015000000253-1885903,home,22,26-27,0.0,22,2,male,16.0
2015000000253-1885903,home,23,27-28,0.0,23,3,male,16.0
2015000000253-1885903,home,0,04-05,0.0,0,4,male,16.0
2015000000253-1885903,home,1,05-06,0.0,1,5,male,16.0
2015000000253-1885903,home,2,06-07,0.0,2,6,male,16.0
2015000000253-1885903,home,3,07-08,0.0,3,7,male,16.0
2015000000253-1885903,change_transp,4,08-09,0.0,4,8,male,16.0
2015000000253-1885903,home,5,09-10,0.0,5,9,male,16.0
2015000000253-1885903,home,6,10-11,0.0,6,10,male,16.0
2015000000253-1885903,home,7,11-12,0.0,7,11,male,16.0
2015000000253-1885903,home,8,12-13,0.0,8,12,male,16.0
2015000000253-1885903,home,9,13-14,0.0,9,13,male,16.0
2015000000253-1885903,home,10,14-15,0.0,10,14,male,16.0
2015000000253-1885903,home,11,15-16,0.0,11,15,male,16.0
2015000000253-1885903,home,12,16-17,0.0,12,16,male,16.0
2015000000253-1885903,home,13,17-18,0.0,13,17,male,16.0
2015000000253-1885903,home,14,18-19,0.0,14,18,male,16.0
2015000000253-1885903,home,15,19-20,0.0,15,19,male,16.0
2015000000253-1885903,home,16,20-21,0.0,16,20,male,16.0
2015000000253-1885903,home,17,21-22,0.0,17,21,male,16.0
2015000000253-1885903,home,18,22-23,0.0,18,22,male,16.0
2015000000253-1885903,home,19,23-24,0.0,19,23,male,16.0
2015000000253-1885903,home,44,24-25,1.0,20,0,male,16.0
2015000000253-1885903,home,45,25-26,1.0,21,1,male,16.0
2015000000253-1885903,home,46,26-27,1.0,22,2,male,16.0
2015000000253-1885903,home,47,27-28,1.0,23,3,male,16.0
2015000000253-1885903,home,24,04-05,1.0,0,4,male,16.0
2015000000253-1885903,home,25,05-06,1.0,1,5,male,16.0
2015000000253-1885903,home,26,06-07,1.0,2,6,male,16.0
2015000000253-1885903,school,27,07-08,1.0,3,7,male,16.0
2015000000253-1885903,school,28,08-09,1.0,4,8,male,16.0
2015000000253-1885903,school,29,09-10,1.0,5,9,male,16.0
2015000000253-1885903,school,30,10-11,1.0,6,10,male,16.0
2015000000253-1885903,school,31,11-12,1.0,7,11,male,16.0
2015000000253-1885903,school,32,12-13,1.0,8,12,male,16.0
2015000000253-1885903,home,33,13-14,1.0,9,13,male,16.0
2015000000253-1885903,home,34,14-15,1.0,10,14,male,16.0
2015000000253-1885903,home,35,15-16,1.0,11,15,male,16.0
2015000000253-1885903,home,36,16-17,1.0,12,16,male,16.0
2015000000253-1885903,home,37,17-18,1.0,13,17,male,16.0
2015000000253-1885903,home,38,18-19,1.0,14,18,male,16.0
2015000000253-1885903,home,39,19-20,1.0,15,19,male,16.0
2015000000253-1885903,home,40,20-21,1.0,16,20,male,16.0
2015000000253-1885903,home,41,21-22,1.0,17,21,male,16.0
2015000000253-1885903,home,42,22-23,1.0,18,22,male,16.0
2015000000253-1885903,home,43,23-24,1.0,19,23,male,16.0
2015000000253-1885903,home,68,24-25,2.0,20,0,male,16.0
2015000000253-1885903,home,69,25-26,2.0,21,1,male,16.0
2015000000253-1885903,home,70,26-27,2.0,22,2,male,16.0
2015000000253-1885903,home,71,27-28,2.0,23,3,male,16.0
2015000000253-1885903,home,48,04-05,2.0,0,4,male,16.0
2015000000253-1885903,home,49,05-06,2.0,1,5,male,16.0
2015000000253-1885903,home,50,06-07,2.0,2,6,male,16.0
2015000000253-1885903,school,51,07-08,2.0,3,7,male,16.0
2015000000253-1885903,school,52,08-09,2.0,4,8,male,16.0
2015000000253-1885903,school,53,09-10,2.0,5,9,male,16.0
2015000000253-1885903,school,54,10-11,2.0,6,10,male,16.0
2015000000253-1885903,school,55,11-12,2.0,7,11,male,16.0
2015000000253-1885903,school,56,12-13,2.0,8,12,male,16.0
2015000000253-1885903,school,57,13-14,2.0,9,13,male,16.0
2015000000253-1885903,school,58,14-15,2.0,10,14,male,16.0
2015000000253-1885903,school,59,15-16,2.0,11,15,male,16.0
2015000000253-1885903,school,60,16-17,2.0,12,16,male,16.0
2015000000253-1885903,visit_friends_relatives,61,17-18,2.0,13,17,male,16.0
2015000000253-1885903,visit_friends_relatives,62,18-19,2.0,14,18,male,16.0
2015000000253-1885903,visit_friends_relatives,63,19-20,2.0,15,19,male,16.0
2015000000253-1885903,home,64,20-21,2.0,16,20,male,16.0
2015000000253-1885903,home,65,21-22,2.0,17,21,male,16.0
2015000000253-1885903,home,66,22-23,2.0,18,22,male,16.0
2015000000253-1885903,home,67,23-24,2.0,19,23,male,16.0
2015000000253-1885903,home,92,24-25,3.0,20,0,male,16.0
2015000000253-1885903,home,93,25-26,3.0,21,1,male,16.0
2015000000253-1885903,home,94,26-27,3.0,22,2,male,16.0
2015000000253-1885903,home,95,27-28,3.0,23,3,male,16.0
2015000000253-1885903,home,72,04-05,3.0,0,4,male,16.0
2015000000253-1885903,home,73,05-06,3.0,1,5,male,16.0
2015000000253-1885903,home,74,06-07,3.0,2,6,male,16.0
2015000000253-1885903,school,75,07-08,3.0,3,7,male,16.0
2015000000253-1885903,school,76,08-09,3.0,4,8,male,16.0
2015000000253-1885903,school,77,09-10,3.0,5,9,male,16.0
2015000000253-1885903,school,78,10-11,3.0,6,10,male,16.0
2015000000253-1885903,school,79,11-12,3.0,7,11,male,16.0
2015000000253-1885903,exercise,80,12-13,3.0,8,12,male,16.0
2015000000253-1885903,exercise,81,13-14,3.0,9,13,male,16.0
2015000000253-1885903,exercise,82,14-15,3.0,10,14,male,16.0
2015000000253-1885903,home,83,15-16,3.0,11,15,male,16.0
2015000000253-1885903,home,84,16-17,3.0,12,16,male,16.0
2015000000253-1885903,home,85,17-18,3.0,13,17,male,16.0
2015000000253-1885903,home,86,18-19,3.0,14,18,male,16.0
2015000000253-1885903,home,87,19-20,3.0,15,19,male,16.0
2015000000253-1885903,home,88,20-21,3.0,16,20,male,16.0
2015000000253-1885903,home,89,21-22,3.0,17,21,male,16.0
2015000000253-1885903,home,90,22-23,3.0,18,22,male,16.0
2015000000253-1885903,home,91,23-24,3.0,19,23,male,16.0
2015000000253-1885903,home,116,24-25,4.0,20,0,male,16.0
2015000000253-1885903,home,117,25-26,4.0,21,1,male,16.0
2015000000253-1885903,home,118,26-27,4.0,22,2,male,16.0
2015000000253-1885903,home,119,27-28,4.0,23,3,male,16.0
2015000000253-1885903,home,96,04-05,4.0,0,4,male,16.0
2015000000253-1885903,home,97,05-06,4.0,1,5,male,16.0
2015000000253-1885903,home,98,06-07,4.0,2,6,male,16.0
2015000000253-1885903,school,99,07-08,4.0,3,7,male,16.0
2015000000253-1885903,school,100,08-09,4.0,4,8,male,16.0
2015000000253-1885903,school,101,09-10,4.0,5,9,male,16.0
2015000000253-1885903,school,102,10-11,4.0,6,10,male,16.0
2015000000253-1885903,medical,103,11-12,4.0,7,11,male,16.0
2015000000253-1885903,medical,104,12-13,4.0,8,12,male,16.0
2015000000253-1885903,home,105,13-14,4.0,9,13,male,16.0
2015000000253-1885903,home,106,14-15,4.0,10,14,male,16.0
2015000000253-1885903,home,107,15-16,4.0,11,15,male,16.0
2015000000253-1885903,home,108,16-17,4.0,12,16,male,16.0
2015000000253-1885903,home,109,17-18,4.0,13,17,male,16.0
2015000000253-1885903,home,110,18-19,4.0,14,18,male,16.0
2015000000253-1885903,home,111,19-20,4.0,15,19,male,16.0
2015000000253-1885903,home,112,20-21,4.0,16,20,male,16.0
2015000000253-1885903,home,113,21-22,4.0,17,21,male,16.0
2015000000253-1885903,home,114,22-23,4.0,18,22,male,16.0
2015000000253-1885903,home,115,23-24,4.0,19,23,male,16.0
2015000000253-1885903,home,140,24-25,5.0,20,0,male,16.0
2015000000253-1885903,home,141,25-26,5.0,21,1,male,16.0
2015000000253-1885903,home,142,26-27,5.0,22,2,male,16.0
2015000000253-1885903,home,143,27-28,5.0,23,3,male,16.0
2015000000253-1885903,home,120,04-05,5.0,0,4,male,16.0
2015000000253-1885903,home,121,05-06,5.0,1,5,male,16.0
2015000000253-1885903,home,122,06-07,5.0,2,6,male,16.0
2015000000253-1885903,school,123,07-08,5.0,3,7,male,16.0
2015000000253-1885903,school,124,08-09,5.0,4,8,male,16.0
2015000000253-1885903,school,125,09-10,5.0,5,9,male,16.0
2015000000253-1885903,school,126,10-11,5.0,6,10,male,16.0
2015000000253-1885903,school,127,11-12,5.0,7,11,male,16.0
2015000000253-1885903,school,128,12-13,5.0,8,12,male,16.0
2015000000253-1885903,school,129,13-14,5.0,9,13,male,16.0
2015000000253-1885903,leisure,130,14-15,5.0,10,14,male,16.0
2015000000253-1885903,home,131,15-16,5.0,11,15,male,16.0
2015000000253-1885903,home,132,16-17,5.0,12,16,male,16.0
2015000000253-1885903,home,133,17-18,5.0,13,17,male,16.0
2015000000253-1885903,home,134,18-19,5.0,14,18,male,16.0
2015000000253-1885903,home,135,19-20,5.0,15,19,male,16.0
2015000000253-1885903,home,136,20-21,5.0,16,20,male,16.0
2015000000253-1885903,home,137,21-22,5.0,17,21,male,16.0
2015000000253-1885903,home,138,22-23,5.0,18,22,male,16.0
2015000000253-1885903,home,139,23-24,5.0,19,23,male,16.0
2015000000253-1885903,home,164,24-25,6.0,20,0,male,16.0
2015000000253-1885903,home,165,25-26,6.0,21,1,male,16.0
2015000000253-1885903,home,166,26-27,6.0,22,2,male,16.0
2015000000253-1885903,home,167,27-28,6.0,23,3,male,16.0
2015000000253-1885903,home,144,04-05,6.0,0,4,male,16.0
2015000000253-1885903,home,145,05-06,6.0,1,5,male,16.0
2015000000253-1885903,home,146,06-07,6.0,2,6,male,16.0
2015000000253-1885903,home,147,07-08,6.0,3,7,male,16.0
2015000000253-1885903,home,148,08-09,6.0,4,8,male,16.0
2015000000253-1885903,home,149,09-10,6.0,5,9,male,16.0
2015000000253-1885903,home,150,10-11,6.0,6,10,male,16.0
2015000000253-1885903,home,151,11-12,6.0,7,11,male,16.0
2015000000253-1885903,home,152,12-13,6.0,8,12,male,16.0
2015000000253-1885903,home,153,13-14,6.0,9,13,male,16.0
2015000000253-1885903,home,154,14-15,6.0,10,14,male,16.0
2015000000253-1885903,home,155,15-16,6.0,11,15,male,16.0
2015000000253-1885903,home,156,16-17,6.0,12,16,male,16.0
2015000000253-1885903,home,157,17-18,6.0,13,17,male,16.0
2015000000253-1885903,home,158,18-19,6.0,14,18,male,16.0
2015000000253-1885903,home,159,19-20,6.0,15,19,male,16.0
2015000000253-1885903,home,160,20-21,6.0,16,20,male,16.0
2015000000253-1885903,home,161,21-22,6.0,17,21,male,16.0
2015000000253-1885903,home,162,22-23,6.0,18,22,male,16.0
2015000000253-1885903,home,163,23-24,6.0,19,23,male,16.0
2015000000253-1885904,home,20,24-25,0.0,20,0,male,13.0
2015000000253-1885904,home,21,25-26,0.0,21,1,male,13.0
2015000000253-1885904,home,22,26-27,0.0,22,2,male,13.0
2015000000253-1885904,home,23,27-28,0.0,23,3,male,13.0
2015000000253-1885904,home,0,04-05,0.0,0,4,male,13.0
2015000000253-1885904,religious_community,1,05-06,0.0,1,5,male,13.0
2015000000253-1885904,religious_community,2,06-07,0.0,2,6,male,13.0
2015000000253-1885904,meals,3,07-08,0.0,3,7,male,13.0
2015000000253-1885904,leisure,4,08-09,0.0,4,8,male,13.0
2015000000253-1885904,leisure,5,09-10,0.0,5,9,male,13.0
2015000000253-1885904,leisure,6,10-11,0.0,6,10,male,13.0
2015000000253-1885904,exercise,7,11-12,0.0,7,11,male,13.0
2015000000253-1885904,exercise,8,12-13,0.0,8,12,male,13.0
2015000000253-1885904,home,9,13-14,0.0,9,13,male,13.0
2015000000253-1885904,home,10,14-15,0.0,10,14,male,13.0
2015000000253-1885904,home,11,15-16,0.0,11,15,male,13.0
2015000000253-1885904,home,12,16-17,0.0,12,16,male,13.0
2015000000253-1885904,home,13,17-18,0.0,13,17,male,13.0
2015000000253-1885904,home,14,18-19,0.0,14,18,male,13.0
2015000000253-1885904,home,15,19-20,0.0,15,19,male,13.0
2015000000253-1885904,home,16,20-21,0.0,16,20,male,13.0
2015000000253-1885904,home,17,21-22,0.0,17,21,male,13.0
2015000000253-1885904,home,18,22-23,0.0,18,22,male,13.0
2015000000253-1885904,home,19,23-24,0.0,19,23,male,13.0
2015000000253-1885904,home,44,24-25,1.0,20,0,male,13.0
2015000000253-1885904,home,45,25-26,1.0,21,1,male,13.0
2015000000253-1885904,home,46,26-27,1.0,22,2,male,13.0
2015000000253-1885904,home,47,27-28,1.0,23,3,male,13.0
2015000000253-1885904,home,24,04-05,1.0,0,4,male,13.0
2015000000253-1885904,home,25,05-06,1.0,1,5,male,13.0
2015000000253-1885904,home,26,06-07,1.0,2,6,male,13.0
2015000000253-1885904,home,27,07-08,1.0,3,7,male,13.0
2015000000253-1885904,school,28,08-09,1.0,4,8,male,13.0
2015000000253-1885904,school,29,09-10,1.0,5,9,male,13.0
2015000000253-1885904,school,30,10-11,1.0,6,10,male,13.0
2015000000253-1885904,school,31,11-12,1.0,7,11,male,13.0
2015000000253-1885904,school,32,12-13,1.0,8,12,male,13.0
2015000000253-1885904,school,33,13-14,1.0,9,13,male,13.0
2015000000253-1885904,school,34,14-15,1.0,10,14,male,13.0
2015000000253-1885904,school,35,15-16,1.0,11,15,male,13.0
2015000000253-1885904,leisure,36,16-17,1.0,12,16,male,13.0
2015000000253-1885904,leisure,37,17-18,1.0,13,17,male,13.0
2015000000253-1885904,visit_friends_relatives,38,18-19,1.0,14,18,male,13.0
2015000000253-1885904,visit_friends_relatives,39,19-20,1.0,15,19,male,13.0
2015000000253-1885904,visit_friends_relatives,40,20-21,1.0,16,20,male,13.0
2015000000253-1885904,home,41,21-22,1.0,17,21,male,13.0
2015000000253-1885904,home,42,22-23,1.0,18,22,male,13.0
2015000000253-1885904,home,43,23-24,1.0,19,23,male,13.0
2015000000253-1885904,home,68,24-25,2.0,20,0,male,13.0
2015000000253-1885904,home,69,25-26,2.0,21,1,male,13.0
2015000000253-1885904,home,70,26-27,2.0,22,2,male,13.0
2015000000253-1885904,home,71,27-28,2.0,23,3,male,13.0
2015000000253-1885904,home,48,04-05,2.0,0,4,male,13.0
2015000000253-1885904,home,49,05-06,2.0,1,5,male,13.0
2015000000253-1885904,home,50,06-07,2.0,2,6,male,13.0
2015000000253-1885904,home,51,07-08,2.0,3,7,male,13.0
2015000000253-1885904,school,52,08-09,2.0,4,8,male,13.0
2015000000253-1885904,school,53,09-10,2.0,5,9,male,13.0
2015000000253-1885904,school,54,10-11,2.0,6,10,male,13.0
2015000000253-1885904,school,55,11-12,2.0,7,11,male,13.0
2015000000253-1885904,school,56,12-13,2.0,8,12,male,13.0
2015000000253-1885904,school,57,13-14,2.0,9,13,male,13.0
2015000000253-1885904,school,58,14-15,2.0,10,14,male,13.0
2015000000253-1885904,school,59,15-16,2.0,11,15,male,13.0
2015000000253-1885904,school,60,16-17,2.0,12,16,male,13.0
2015000000253-1885904,religious_community,61,17-18,2.0,13,17,male,13.0
2015000000253-1885904,religious_community,62,18-19,2.0,14,18,male,13.0
2015000000253-1885904,home,63,19-20,2.0,15,19,male,13.0
2015000000253-1885904,home,64,20-21,2.0,16,20,male,13.0
2015000000253-1885904,home,65,21-22,2.0,17,21,male,13.0
2015000000253-1885904,home,66,22-23,2.0,18,22,male,13.0
2015000000253-1885904,home,67,23-24,2.0,19,23,male,13.0
2015000000253-1885904,home,92,24-25,3.0,20,0,male,13.0
2015000000253-1885904,home,93,25-26,3.0,21,1,male,13.0
2015000000253-1885904,home,94,26-27,3.0,22,2,male,13.0
2015000000253-1885904,home,95,27-28,3.0,23,3,male,13.0
2015000000253-1885904,home,72,04-05,3.0,0,4,male,13.0
2015000000253-1885904,home,73,05-06,3.0,1,5,male,13.0
2015000000253-1885904,home,74,06-07,3.0,2,6,male,13.0
2015000000253-1885904,home,75,07-08,3.0,3,7,male,13.0
2015000000253-1885904,school,76,08-09,3.0,4,8,male,13.0
2015000000253-1885904,school,77,09-10,3.0,5,9,male,13.0
2015000000253-1885904,school,78,10-11,3.0,6,10,male,13.0
2015000000253-1885904,school,79,11-12,3.0,7,11,male,13.0
2015000000253-1885904,school,80,12-13,3.0,8,12,male,13.0
2015000000253-1885904,school,81,13-14,3.0,9,13,male,13.0
2015000000253-1885904,school,82,14-15,3.0,10,14,male,13.0
2015000000253-1885904,services,83,15-16,3.0,11,15,male,13.0
2015000000253-1885904,home,84,16-17,3.0,12,16,male,13.0
2015000000253-1885904,home,85,17-18,3.0,13,17,male,13.0
2015000000253-1885904,home,86,18-19,3.0,14,18,male,13.0
2015000000253-1885904,home,87,19-20,3.0,15,19,male,13.0
2015000000253-1885904,home,88,20-21,3.0,16,20,male,13.0
2015000000253-1885904,home,89,21-22,3.0,17,21,male,13.0
2015000000253-1885904,home,90,22-23,3.0,18,22,male,13.0
2015000000253-1885904,home,91,23-24,3.0,19,23,male,13.0
2015000000253-1885904,home,116,24-25,4.0,20,0,male,13.0
2015000000253-1885904,home,117,25-26,4.0,21,1,male,13.0
2015000000253-1885904,home,118,26-27,4.0,22,2,male,13.0
2015000000253-1885904,home,119,27-28,4.0,23,3,male,13.0
2015000000253-1885904,home,96,04-05,4.0,0,4,male,13.0
2015000000253-1885904,home,97,05-06,4.0,1,5,male,13.0
2015000000253-1885904,home,98,06-07,4.0,2,6,male,13.0
2015000000253-1885904,home,99,07-08,4.0,3,7,male,13.0
2015000000253-1885904,school,100,08-09,4.0,4,8,male,13.0
2015000000253-1885904,school,101,09-10,4.0,5,9,male,13.0
2015000000253-1885904,school,102,10-11,4.0,6,10,male,13.0
2015000000253-1885904,school,103,11-12,4.0,7,11,male,13.0
2015000000253-1885904,school,104,12-13,4.0,8,12,male,13.0
2015000000253-1885904,school,105,13-14,4.0,9,13,male,13.0
2015000000253-1885904,school,106,14-15,4.0,10,14,male,13.0
2015000000253-1885904,school,107,15-16,4.0,11,15,male,13.0
2015000000253-1885904,meals,108,16-17,4.0,12,16,male,13.0
2015000000253-1885904,exercise,109,17-18,4.0,13,17,male,13.0
2015000000253-1885904,meals,110,18-19,4.0,14,18,male,13.0
2015000000253-1885904,meals,111,19-20,4.0,15,19,male,13.0
2015000000253-1885904,home,112,20-21,4.0,16,20,male,13.0
2015000000253-1885904,home,113,21-22,4.0,17,21,male,13.0
2015000000253-1885904,home,114,22-23,4.0,18,22,male,13.0
2015000000253-1885904,home,115,23-24,4.0,19,23,male,13.0
2015000000253-1885904,home,140,24-25,5.0,20,0,male,13.0
2015000000253-1885904,home,141,25-26,5.0,21,1,male,13.0
2015000000253-1885904,home,142,26-27,5.0,22,2,male,13.0
2015000000253-1885904,home,143,27-28,5.0,23,3,male,13.0
2015000000253-1885904,home,120,04-05,5.0,0,4,male,13.0
2015000000253-1885904,home,121,05-06,5.0,1,5,male,13.0
2015000000253-1885904,home,122,06-07,5.0,2,6,male,13.0
2015000000253-1885904,home,123,07-08,5.0,3,7,male,13.0
2015000000253-1885904,school,124,08-09,5.0,4,8,male,13.0
2015000000253-1885904,school,125,09-10,5.0,5,9,male,13.0
2015000000253-1885904,school,126,10-11,5.0,6,10,male,13.0
2015000000253-1885904,school,127,11-12,5.0,7,11,male,13.0
2015000000253-1885904,school,128,12-13,5.0,8,12,male,13.0
2015000000253-1885904,school,129,13-14,5.0,9,13,male,13.0
2015000000253-1885904,school,130,14-15,5.0,10,14,male,13.0
2015000000253-1885904,home,131,15-16,5.0,11,15,male,13.0
2015000000253-1885904,home,132,16-17,5.0,12,16,male,13.0
2015000000253-1885904,home,133,17-18,5.0,13,17,male,13.0
2015000000253-1885904,home,134,18-19,5.0,14,18,male,13.0
2015000000253-1885904,home,135,19-20,5.0,15,19,male,13.0
2015000000253-1885904,home,136,20-21,5.0,16,20,male,13.0
2015000000253-1885904,home,137,21-22,5.0,17,21,male,13.0
2015000000253-1885904,home,138,22-23,5.0,18,22,male,13.0
2015000000253-1885904,home,139,23-24,5.0,19,23,male,13.0
2015000000253-1885904,home,164,24-25,6.0,20,0,male,13.0
2015000000253-1885904,home,165,25-26,6.0,21,1,male,13.0
2015000000253-1885904,home,166,26-27,6.0,22,2,male,13.0
2015000000253-1885904,home,167,27-28,6.0,23,3,male,13.0
2015000000253-1885904,home,144,04-05,6.0,0,4,male,13.0
2015000000253-1885904,home,145,05-06,6.0,1,5,male,13.0
2015000000253-1885904,leisure,146,06-07,6.0,2,6,male,13.0
2015000000253-1885904,leisure,147,07-08,6.0,3,7,male,13.0
2015000000253-1885904,leisure,148,08-09,6.0,4,8,male,13.0
2015000000253-1885904,leisure,149,09-10,6.0,5,9,male,13.0
2015000000253-1885904,leisure,150,10-11,6.0,6,10,male,13.0
2015000000253-1885904,leisure,151,11-12,6.0,7,11,male,13.0
2015000000253-1885904,leisure,152,12-13,6.0,8,12,male,13.0
2015000000253-1885904,leisure,153,13-14,6.0,9,13,male,13.0
2015000000253-1885904,leisure,154,14-15,6.0,10,14,male,13.0
2015000000253-1885904,leisure,155,15-16,6.0,11,15,male,13.0
2015000000253-1885904,leisure,156,16-17,6.0,12,16,male,13.0
2015000000253-1885904,leisure,157,17-18,6.0,13,17,male,13.0
2015000000253-1885904,leisure,158,18-19,6.0,14,18,male,13.0
2015000000253-1885904,home,159,19-20,6.0,15,19,male,13.0
2015000000253-1885904,home,160,20-21,6.0,16,20,male,13.0
2015000000253-1885904,home,161,21-22,6.0,17,21,male,13.0
2015000000253-1885904,home,162,22-23,6.0,18,22,male,13.0
2015000000253-1885904,home,163,23-24,6.0,19,23,male,13.0
2015000000253-2721501,home,20,24-25,0.0,20,0,male,83.0
2015000000253-2721501,home,21,25-26,0.0,21,1,male,83.0
2015000000253-2721501,home,22,26-27,0.0,22,2,male,83.0
2015000000253-2721501,home,23,27-28,0.0,23,3,male,83.0
2015000000253-2721501,home,0,04-05,0.0,0,4,male,83.0
2015000000253-2721501,home,1,05-06,0.0,1,5,male,83.0
2015000000253-2721501,home,2,06-07,0.0,2,6,male,83.0
2015000000253-2721501,home,3,07-08,0.0,3,7,male,83.0
2015000000253-2721501,home,4,08-09,0.0,4,8,male,83.0
2015000000253-2721501,home,5,09-10,0.0,5,9,male,83.0
2015000000253-2721501,leisure,6,10-11,0.0,6,10,male,83.0
2015000000253-2721501,leisure,7,11-12,0.0,7,11,male,83.0
2015000000253-2721501,adult_care,8,12-13,0.0,8,12,male,83.0
2015000000253-2721501,adult_care,9,13-14,0.0,9,13,male,83.0
2015000000253-2721501,adult_care,10,14-15,0.0,10,14,male,83.0
2015000000253-2721501,adult_care,11,15-16,0.0,11,15,male,83.0
2015000000253-2721501,adult_care,12,16-17,0.0,12,16,male,83.0
2015000000253-2721501,adult_care,13,17-18,0.0,13,17,male,83.0
2015000000253-2721501,home,14,18-19,0.0,14,18,male,83.0
2015000000253-2721501,home,15,19-20,0.0,15,19,male,83.0
2015000000253-2721501,home,16,20-21,0.0,16,20,male,83.0
2015000000253-2721501,home,17,21-22,0.0,17,21,male,83.0
2015000000253-2721501,home,18,22-23,0.0,18,22,male,83.0
2015000000253-2721501,home,19,23-24,0.0,19,23,male,83.0
2015000000253-2721501,home,44,24-25,1.0,20,0,male,83.0
2015000000253-2721501,home,45,25-26,1.0,21,1,male,83.0
2015000000253-2721501,home,46,26-27,1.0,22,2,male,83.0
2015000000253-2721501,home,47,27-28,1.0,23,3,male,83.0
2015000000253-2721501,home,24,04-05,1.0,0,4,male,83.0
2015000000253-2721501,home,25,05-06,1.0,1,5,male,83.0
2015000000253-2721501,exercise,26,06-07,1.0,2,6,male,83.0
2015000000253-2721501,home,27,07-08,1.0,3,7,male,83.0
2015000000253-2721501,home,28,08-09,1.0,4,8,male,83.0
2015000000253-2721501,home,29,09-10,1.0,5,9,male,83.0
2015000000253-2721501,home,30,10-11,1.0,6,10,male,83.0
2015000000253-2721501,home,31,11-12,1.0,7,11,male,83.0
2015000000253-2721501,home,32,12-13,1.0,8,12,male,83.0
2015000000253-2721501,home,33,13-14,1.0,9,13,male,83.0
2015000000253-2721501,home,34,14-15,1.0,10,14,male,83.0
2015000000253-2721501,home,35,15-16,1.0,11,15,male,83.0
2015000000253-2721501,home,36,16-17,1.0,12,16,male,83.0
2015000000253-2721501,home,37,17-18,1.0,13,17,male,83.0
2015000000253-2721501,home,38,18-19,1.0,14,18,male,83.0
2015000000253-2721501,home,39,19-20,1.0,15,19,male,83.0
2015000000253-2721501,home,40,20-21,1.0,16,20,male,83.0
2015000000253-2721501,home,41,21-22,1.0,17,21,male,83.0
2015000000253-2721501,home,42,22-23,1.0,18,22,male,83.0
2015000000253-2721501,home,43,23-24,1.0,19,23,male,83.0
2015000000253-2721501,home,68,24-25,2.0,20,0,male,83.0
2015000000253-2721501,home,69,25-26,2.0,21,1,male,83.0
2015000000253-2721501,home,70,26-27,2.0,22,2,male,83.0
2015000000253-2721501,home,71,27-28,2.0,23,3,male,83.0
2015000000253-2721501,home,48,04-05,2.0,0,4,male,83.0
2015000000253-2721501,volunteer,49,05-06,2.0,1,5,male,83.0
2015000000253-2721501,home,50,06-07,2.0,2,6,male,83.0
2015000000253-2721501,home,51,07-08,2.0,3,7,male,83.0
2015000000253-2721501,home,52,08-09,2.0,4,8,male,83.0
2015000000253-2721501,home,53,09-10,2.0,5,9,male,83.0
2015000000253-2721501,home,54,10-11,2.0,6,10,male,83.0
2015000000253-2721501,home,55,11-12,2.0,7,11,male,83.0
2015000000253-2721501,home,56,12-13,2.0,8,12,male,83.0
2015000000253-2721501,home,57,13-14,2.0,9,13,male,83.0
2015000000253-2721501,home,58,14-15,2.0,10,14,male,83.0
2015000000253-2721501,home,59,15-16,2.0,11,15,male,83.0
2015000000253-2721501,home,60,16-17,2.0,12,16,male,83.0
2015000000253-2721501,home,61,17-18,2.0,13,17,male,83.0
2015000000253-2721501,home,62,18-19,2.0,14,18,male,83.0
2015000000253-2721501,home,63,19-20,2.0,15,19,male,83.0
2015000000253-2721501,home,64,20-21,2.0,16,20,male,83.0
2015000000253-2721501,home,65,21-22,2.0,17,21,male,83.0
2015000000253-2721501,home,66,22-23,2.0,18,22,male,83.0
2015000000253-2721501,home,67,23-24,2.0,19,23,male,83.0
2015000000253-2721501,home,92,24-25,3.0,20,0,male,83.0
2015000000253-2721501,home,93,25-26,3.0,21,1,male,83.0
2015000000253-2721501,home,94,26-27,3.0,22,2,male,83.0
2015000000253-2721501,home,95,27-28,3.0,23,3,male,83.0
2015000000253-2721501,home,72,04-05,3.0,0,4,male,83.0
2015000000253-2721501,home,73,05-06,3.0,1,5,male,83.0
2015000000253-2721501,home,74,06-07,3.0,2,6,male,83.0
2015000000253-2721501,home,75,07-08,3.0,3,7,male,83.0
2015000000253-2721501,change_transp,76,08-09,3.0,4,8,male,83.0
2015000000253-2721501,change_transp,77,09-10,3.0,5,9,male,83.0
2015000000253-2721501,home,78,10-11,3.0,6,10,male,83.0
2015000000253-2721501,home,79,11-12,3.0,7,11,male,83.0
2015000000253-2721501,home,80,12-13,3.0,8,12,male,83.0
2015000000253-2721501,home,81,13-14,3.0,9,13,male,83.0
2015000000253-2721501,home,82,14-15,3.0,10,14,male,83.0
2015000000253-2721501,home,83,15-16,3.0,11,15,male,83.0
2015000000253-2721501,home,84,16-17,3.0,12,16,male,83.0
2015000000253-2721501,home,85,17-18,3.0,13,17,male,83.0
2015000000253-2721501,home,86,18-19,3.0,14,18,male,83.0
2015000000253-2721501,home,87,19-20,3.0,15,19,male,83.0
2015000000253-2721501,home,88,20-21,3.0,16,20,male,83.0
2015000000253-2721501,home,89,21-22,3.0,17,21,male,83.0
2015000000253-2721501,home,90,22-23,3.0,18,22,male,83.0
2015000000253-2721501,home,91,23-24,3.0,19,23,male,83.0
2015000000253-2721501,home,116,24-25,4.0,20,0,male,83.0
2015000000253-2721501,home,117,25-26,4.0,21,1,male,83.0
2015000000253-2721501,home,118,26-27,4.0,22,2,male,83.0
2015000000253-2721501,home,119,27-28,4.0,23,3,male,83.0
2015000000253-2721501,home,96,04-05,4.0,0,4,male,83.0
2015000000253-2721501,home,97,05-06,4.0,1,5,male,83.0
2015000000253-2721501,home,98,06-07,4.0,2,6,male,83.0
2015000000253-2721501,home,99,07-08,4.0,3,7,male,83.0
2015000000253-2721501,home,100,08-09,4.0,4,8,male,83.0
2015000000253-2721501,home,101,09-10,4.0,5,9,male,83.0
2015000000253-2721501,home,102,10-11,4.0,6,10,male,83.0
2015000000253-2721501,home,103,11-12,4.0,7,11,male,83.0
2015000000253-2721501,home,104,12-13,4.0,8,12,male,83.0
2015000000253-2721501,home,105,13-14,4.0,9,13,male,83.0
2015000000253-2721501,home,106,14-15,4.0,10,14,male,83.0
2015000000253-2721501,home,107,15-16,4.0,11,15,male,83.0
2015000000253-2721501,home,108,16-17,4.0,12,16,male,83.0
2015000000253-2721501,home,109,17-18,4.0,13,17,male,83.0
2015000000253-2721501,home,110,18-19,4.0,14,18,male,83.0
2015000000253-2721501,home,111,19-20,4.0,15,19,male,83.0
2015000000253-2721501,home,112,20-21,4.0,16,20,male,83.0
2015000000253-2721501,home,113,21-22,4.0,17,21,male,83.0
2015000000253-2721501,home,114,22-23,4.0,18,22,male,83.0
2015000000253-2721501,home,115,23-24,4.0,19,23,male,83.0
2015000000253-2721501,home,140,24-25,5.0,20,0,male,83.0
2015000000253-2721501,home,141,25-26,5.0,21,1,male,83.0
2015000000253-2721501,home,142,26-27,5.0,22,2,male,83.0
2015000000253-2721501,home,143,27-28,5.0,23,3,male,83.0
2015000000253-2721501,home,120,04-05,5.0,0,4,male,83.0
2015000000253-2721501,retail,121,05-06,5.0,1,5,male,83.0
2015000000253-2721501,home,122,06-07,5.0,2,6,male,83.0
2015000000253-2721501,home,123,07-08,5.0,3,7,male,83.0
2015000000253-2721501,home,124,08-09,5.0,4,8,male,83.0
2015000000253-2721501,home,125,09-10,5.0,5,9,male,83.0
2015000000253-2721501,home,126,10-11,5.0,6,10,male,83.0
2015000000253-2721501,home,127,11-12,5.0,7,11,male,83.0
2015000000253-2721501,home,128,12-13,5.0,8,12,male,83.0
2015000000253-2721501,home,129,13-14,5.0,9,13,male,83.0
2015000000253-2721501,home,130,14-15,5.0,10,14,male,83.0
2015000000253-2721501,home,131,15-16,5.0,11,15,male,83.0
2015000000253-2721501,home,132,16-17,5.0,12,16,male,83.0
2015000000253-2721501,home,133,17-18,5.0,13,17,male,83.0
2015000000253-2721501,home,134,18-19,5.0,14,18,male,83.0
2015000000253-2721501,home,135,19-20,5.0,15,19,male,83.0
2015000000253-2721501,home,136,20-21,5.0,16,20,male,83.0
2015000000253-2721501,home,137,21-22,5.0,17,21,male,83.0
2015000000253-2721501,home,138,22-23,5.0,18,22,male,83.0
2015000000253-2721501,home,139,23-24,5.0,19,23,male,83.0
2015000000253-2721501,home,164,24-25,6.0,20,0,male,83.0
2015000000253-2721501,home,165,25-26,6.0,21,1,male,83.0
2015000000253-2721501,home,166,26-27,6.0,22,2,male,83.0
2015000000253-2721501,home,167,27-28,6.0,23,3,male,83.0
2015000000253-2721501,home,144,04-05,6.0,0,4,male,83.0
2015000000253-2721501,home,145,05-06,6.0,1,5,male,83.0
2015000000253-2721501,leisure,146,06-07,6.0,2,6,male,83.0
2015000000253-2721501,leisure,147,07-08,6.0,3,7,male,83.0
2015000000253-2721501,leisure,148,08-09,6.0,4,8,male,83.0
2015000000253-2721501,leisure,149,09-10,6.0,5,9,male,83.0
2015000000253-2721501,leisure,150,10-11,6.0,6,10,male,83.0
2015000000253-2721501,home,151,11-12,6.0,7,11,male,83.0
2015000000253-2721501,home,152,12-13,6.0,8,12,male,83.0
2015000000253-2721501,home,153,13-14,6.0,9,13,male,83.0
2015000000253-2721501,home,154,14-15,6.0,10,14,male,83.0
2015000000253-2721501,home,155,15-16,6.0,11,15,male,83.0
2015000000253-2721501,home,156,16-17,6.0,12,16,male,83.0
2015000000253-2721501,home,157,17-18,6.0,13,17,male,83.0
2015000000253-2721501,home,158,18-19,6.0,14,18,male,83.0
2015000000253-2721501,home,159,19-20,6.0,15,19,male,83.0
2015000000253-2721501,home,160,20-21,6.0,16,20,male,83.0
2015000000253-2721501,home,161,21-22,6.0,17,21,male,83.0
2015000000253-2721501,home,162,22-23,6.0,18,22,male,83.0
2015000000253-2721501,home,163,23-24,6.0,19,23,male,83.0
2015000000253-2721502,home,20,24-25,0.0,20,0,female,72.0
2015000000253-2721502,home,21,25-26,0.0,21,1,female,72.0
2015000000253-2721502,home,22,26-27,0.0,22,2,female,72.0
2015000000253-2721502,home,23,27-28,0.0,23,3,female,72.0
2015000000253-2721502,home,0,04-05,0.0,0,4,female,72.0
2015000000253-2721502,home,1,05-06,0.0,1,5,female,72.0
2015000000253-2721502,home,2,06-07,0.0,2,6,female,72.0
2015000000253-2721502,home,3,07-08,0.0,3,7,female,72.0
2015000000253-2721502,home,4,08-09,0.0,4,8,female,72.0
2015000000253-2721502,home,5,09-10,0.0,5,9,female,72.0
2015000000253-2721502,home,6,10-11,0.0,6,10,female,72.0
2015000000253-2721502,home,7,11-12,0.0,7,11,female,72.0
2015000000253-2721502,home,8,12-13,0.0,8,12,female,72.0
2015000000253-2721502,home,9,13-14,0.0,9,13,female,72.0
2015000000253-2721502,home,10,14-15,0.0,10,14,female,72.0
2015000000253-2721502,home,11,15-16,0.0,11,15,female,72.0
2015000000253-2721502,home,12,16-17,0.0,12,16,female,72.0
2015000000253-2721502,home,13,17-18,0.0,13,17,female,72.0
2015000000253-2721502,home,14,18-19,0.0,14,18,female,72.0
2015000000253-2721502,home,15,19-20,0.0,15,19,female,72.0
2015000000253-2721502,home,16,20-21,0.0,16,20,female,72.0
2015000000253-2721502,home,17,21-22,0.0,17,21,female,72.0
2015000000253-2721502,home,18,22-23,0.0,18,22,female,72.0
2015000000253-2721502,home,19,23-24,0.0,19,23,female,72.0
2015000000253-2721502,home,44,24-25,1.0,20,0,female,72.0
2015000000253-2721502,home,45,25-26,1.0,21,1,female,72.0
2015000000253-2721502,home,46,26-27,1.0,22,2,female,72.0
2015000000253-2721502,home,47,27-28,1.0,23,3,female,72.0
2015000000253-2721502,home,24,04-05,1.0,0,4,female,72.0
2015000000253-2721502,religious_community,25,05-06,1.0,1,5,female,72.0
2015000000253-2721502,religious_community,26,06-07,1.0,2,6,female,72.0
2015000000253-2721502,home,27,07-08,1.0,3,7,female,72.0
2015000000253-2721502,home,28,08-09,1.0,4,8,female,72.0
2015000000253-2721502,home,29,09-10,1.0,5,9,female,72.0
2015000000253-2721502,home,30,10-11,1.0,6,10,female,72.0
2015000000253-2721502,home,31,11-12,1.0,7,11,female,72.0
2015000000253-2721502,home,32,12-13,1.0,8,12,female,72.0
2015000000253-2721502,home,33,13-14,1.0,9,13,female,72.0
2015000000253-2721502,home,34,14-15,1.0,10,14,female,72.0
2015000000253-2721502,home,35,15-16,1.0,11,15,female,72.0
2015000000253-2721502,home,36,16-17,1.0,12,16,female,72.0
2015000000253-2721502,home,37,17-18,1.0,13,17,female,72.0
2015000000253-2721502,home,38,18-19,1.0,14,18,female,72.0
2015000000253-2721502,home,39,19-20,1.0,15,19,female,72.0
2015000000253-2721502,home,40,20-21,1.0,16,20,female,72.0
2015000000253-2721502,home,41,21-22,1.0,17,21,female,72.0
2015000000253-2721502,home,42,22-23,1.0,18,22,female,72.0
2015000000253-2721502,home,43,23-24,1.0,19,23,female,72.0
2015000000253-2721502,home,68,24-25,2.0,20,0,female,72.0
2015000000253-2721502,home,69,25-26,2.0,21,1,female,72.0
2015000000253-2721502,home,70,26-27,2.0,22,2,female,72.0
2015000000253-2721502,home,71,27-28,2.0,23,3,female,72.0
2015000000253-2721502,home,48,04-05,2.0,0,4,female,72.0
2015000000253-2721502,home,49,05-06,2.0,1,5,female,72.0
2015000000253-2721502,home,50,06-07,2.0,2,6,female,72.0
2015000000253-2721502,home,51,07-08,2.0,3,7,female,72.0
2015000000253-2721502,retail,52,08-09,2.0,4,8,female,72.0
2015000000253-2721502,home,53,09-10,2.0,5,9,female,72.0
2015000000253-2721502,home,54,10-11,2.0,6,10,female,72.0
2015000000253-2721502,home,55,11-12,2.0,7,11,female,72.0
2015000000253-2721502,home,56,12-13,2.0,8,12,female,72.0
2015000000253-2721502,home,57,13-14,2.0,9,13,female,72.0
2015000000253-2721502,home,58,14-15,2.0,10,14,female,72.0
2015000000253-2721502,home,59,15-16,2.0,11,15,female,72.0
2015000000253-2721502,home,60,16-17,2.0,12,16,female,72.0
2015000000253-2721502,home,61,17-18,2.0,13,17,female,72.0
2015000000253-2721502,home,62,18-19,2.0,14,18,female,72.0
2015000000253-2721502,home,63,19-20,2.0,15,19,female,72.0
2015000000253-2721502,home,64,20-21,2.0,16,20,female,72.0
2015000000253-2721502,home,65,21-22,2.0,17,21,female,72.0
2015000000253-2721502,home,66,22-23,2.0,18,22,female,72.0
2015000000253-2721502,home,67,23-24,2.0,19,23,female,72.0
2015000000253-2721502,home,92,24-25,3.0,20,0,female,72.0
2015000000253-2721502,home,93,25-26,3.0,21,1,female,72.0
2015000000253-2721502,home,94,26-27,3.0,22,2,female,72.0
2015000000253-2721502,home,95,27-28,3.0,23,3,female,72.0
2015000000253-2721502,home,72,04-05,3.0,0,4,female,72.0
2015000000253-2721502,home,73,05-06,3.0,1,5,female,72.0
2015000000253-2721502,home,74,06-07,3.0,2,6,female,72.0
2015000000253-2721502,other,75,07-08,3.0,3,7,female,72.0
2015000000253-2721502,other,76,08-09,3.0,4,8,female,72.0
2015000000253-2721502,other,77,09-10,3.0,5,9,female,72.0
2015000000253-2721502,home,78,10-11,3.0,6,10,female,72.0
2015000000253-2721502,home,79,11-12,3.0,7,11,female,72.0
2015000000253-2721502,home,80,12-13,3.0,8,12,female,72.0
2015000000253-2721502,home,81,13-14,3.0,9,13,female,72.0
2015000000253-2721502,home,82,14-15,3.0,10,14,female,72.0
2015000000253-2721502,home,83,15-16,3.0,11,15,female,72.0
2015000000253-2721502,home,84,16-17,3.0,12,16,female,72.0
2015000000253-2721502,home,85,17-18,3.0,13,17,female,72.0
2015000000253-2721502,home,86,18-19,3.0,14,18,female,72.0
2015000000253-2721502,home,87,19-20,3.0,15,19,female,72.0
2015000000253-2721502,home,88,20-21,3.0,16,20,female,72.0
2015000000253-2721502,home,89,21-22,3.0,17,21,female,72.0
2015000000253-2721502,home,90,22-23,3.0,18,22,female,72.0
2015000000253-2721502,home,91,23-24,3.0,19,23,female,72.0
2015000000253-2721502,home,116,24-25,4.0,20,0,female,72.0
2015000000253-2721502,home,117,25-26,4.0,21,1,female,72.0
2015000000253-2721502,home,118,26-27,4.0,22,2,female,72.0
2015000000253-2721502,home,119,27-28,4.0,23,3,female,72.0
2015000000253-2721502,home,96,04-05,4.0,0,4,female,72.0
2015000000253-2721502,home,97,05-06,4.0,1,5,female,72.0
2015000000253-2721502,home,98,06-07,4.0,2,6,female,72.0
2015000000253-2721502,home,99,07-08,4.0,3,7,female,72.0
2015000000253-2721502,home,100,08-09,4.0,4,8,female,72.0
2015000000253-2721502,home,101,09-10,4.0,5,9,female,72.0
2015000000253-2721502,home,102,10-11,4.0,6,10,female,72.0
2015000000253-2721502,home,103,11-12,4.0,7,11,female,72.0
2015000000253-2721502,home,104,12-13,4.0,8,12,female,72.0
2015000000253-2721502,home,105,13-14,4.0,9,13,female,72.0
2015000000253-2721502,home,106,14-15,4.0,10,14,female,72.0
2015000000253-2721502,home,107,15-16,4.0,11,15,female,72.0
2015000000253-2721502,home,108,16-17,4.0,12,16,female,72.0
2015000000253-2721502,home,109,17-18,4.0,13,17,female,72.0
2015000000253-2721502,home,110,18-19,4.0,14,18,female,72.0
2015000000253-2721502,home,111,19-20,4.0,15,19,female,72.0
2015000000253-2721502,home,112,20-21,4.0,16,20,female,72.0
2015000000253-2721502,home,113,21-22,4.0,17,21,female,72.0
2015000000253-2721502,home,114,22-23,4.0,18,22,female,72.0
2015000000253-2721502,home,115,23-24,4.0,19,23,female,72.0
2015000000253-2721502,home,140,24-25,5.0,20,0,female,72.0
2015000000253-2721502,home,141,25-26,5.0,21,1,female,72.0
2015000000253-2721502,home,142,26-27,5.0,22,2,female,72.0
2015000000253-2721502,home,143,27-28,5.0,23,3,female,72.0
2015000000253-2721502,home,120,04-05,5.0,0,4,female,72.0
2015000000253-2721502,home,121,05-06,5.0,1,5,female,72.0
2015000000253-2721502,home,122,06-07,5.0,2,6,female,72.0
2015000000253-2721502,home,123,07-08,5.0,3,7,female,72.0
2015000000253-2721502,retail,124,08-09,5.0,4,8,female,72.0
2015000000253-2721502,home,125,09-10,5.0,5,9,female,72.0
2015000000253-2721502,home,126,10-11,5.0,6,10,female,72.0
2015000000253-2721502,home,127,11-12,5.0,7,11,female,72.0
2015000000253-2721502,home,128,12-13,5.0,8,12,female,72.0
2015000000253-2721502,home,129,13-14,5.0,9,13,female,72.0
2015000000253-2721502,home,130,14-15,5.0,10,14,female,72.0
2015000000253-2721502,home,131,15-16,5.0,11,15,female,72.0
2015000000253-2721502,home,132,16-17,5.0,12,16,female,72.0
2015000000253-2721502,home,133,17-18,5.0,13,17,female,72.0
2015000000253-2721502,home,134,18-19,5.0,14,18,female,72.0
2015000000253-2721502,home,135,19-20,5.0,15,19,female,72.0
2015000000253-2721502,home,136,20-21,5.0,16,20,female,72.0
2015000000253-2721502,home,137,21-22,5.0,17,21,female,72.0
2015000000253-2721502,home,138,22-23,5.0,18,22,female,72.0
2015000000253-2721502,home,139,23-24,5.0,19,23,female,72.0
2015000000253-2721502,home,164,24-25,6.0,20,0,female,72.0
2015000000253-2721502,home,165,25-26,6.0,21,1,female,72.0
2015000000253-2721502,home,166,26-27,6.0,22,2,female,72.0
2015000000253-2721502,home,167,27-28,6.0,23,3,female,72.0
2015000000253-2721502,home,144,04-05,6.0,0,4,female,72.0
2015000000253-2721502,home,145,05-06,6.0,1,5,female,72.0
2015000000253-2721502,home,146,06-07,6.0,2,6,female,72.0
2015000000253-2721502,home,147,07-08,6.0,3,7,female,72.0
2015000000253-2721502,home,148,08-09,6.0,4,8,female,72.0
2015000000253-2721502,home,149,09-10,6.0,5,9,female,72.0
2015000000253-2721502,home,150,10-11,6.0,6,10,female,72.0
2015000000253-2721502,home,151,11-12,6.0,7,11,female,72.0
2015000000253-2721502,religious_community,152,12-13,6.0,8,12,female,72.0
2015000000253-2721502,home,153,13-14,6.0,9,13,female,72.0
2015000000253-2721502,home,154,14-15,6.0,10,14,female,72.0
2015000000253-2721502,home,155,15-16,6.0,11,15,female,72.0
2015000000253-2721502,home,156,16-17,6.0,12,16,female,72.0
2015000000253-2721502,home,157,17-18,6.0,13,17,female,72.0
2015000000253-2721502,home,158,18-19,6.0,14,18,female,72.0
2015000000253-2721502,home,159,19-20,6.0,15,19,female,72.0
2015000000253-2721502,home,160,20-21,6.0,16,20,female,72.0
2015000000253-2721502,home,161,21-22,6.0,17,21,female,72.0
2015000000253-2721502,home,162,22-23,6.0,18,22,female,72.0
2015000000253-2721502,home,163,23-24,6.0,19,23,female,72.0
