hex_id,weekly_avg_pm25,dist_to_antelope_km
8826968e3bfffff,13.68221532591229,25.58465934211573
882696b9e5fffff,13.576214489562627,40.29088242960585
8828b68da3fffff,14.268424154067429,64.76256397797934
882696991bfffff,14.290549962688475,11.606894821372206
882696174bfffff,14.160187862958182,27.877954859916716
8826965b63fffff,14.21404114296573,71.05674055156597
88269699c1fffff,13.38226719393745,10.596910157791923
8828b61429fffff,15.794775459240439,74.29499971086146
8826968a4dfffff,14.488667133502357,9.33125760858146
8826968cddfffff,22.12187937865769,30.904728499309293
882696b90bfffff,13.24647818518847,37.6133432209945
8828b6bad1fffff,14.216731783228486,70.73567223732333
8828b6b1adfffff,13.204026390000736,71.93482266631563
8826968cbbfffff,18.36455699375424,32.60986791828728
882696b907fffff,13.027008315108958,37.21497336087152
882696bb69fffff,13.32219586954391,33.11522786973571
88269659c1fffff,13.64141421847703,72.73649349594294
8826965b6bfffff,13.334204467442069,70.355861108657
882696bb21fffff,14.214593113879568,34.3112915900366
8826968e87fffff,22.546337831413034,29.75413911961394
8826961749fffff,13.62215531912331,26.940518135725885
882696bb6dfffff,16.498122412542784,32.32540833218771
8828b6111bfffff,15.614352293879564,68.20866446454872
8828b4d15dfffff,13.10082816624997,73.9311434280345
882696812dfffff,15.381017256309056,12.193321608103318
882696162bfffff,20.54858271964314,32.591922821345165
8826961601fffff,22.564165378773602,32.70146632507059
8828b69867fffff,13.076050175897267,31.724124829493316
882696144bfffff,17.998902440606756,34.44418957447107
88269616c5fffff,13.861473711631858,37.00250958136159
8826968dc9fffff,16.590989405478506,24.20971681104428
8828b68833fffff,14.38429680762732,51.495803758843174
8826961719fffff,17.630125574930677,31.18215911280415
8828b6b11dfffff,14.150439607362317,67.73491901749775
8828b61669fffff,13.008758507473102,66.04996500410627
8826968dabfffff,16.652912593963247,26.019341335296573
8828b61753fffff,19.335239582870305,68.59939539369093
8828b68d33fffff,13.606292803927001,60.97785435928149
8828b6b325fffff,13.505870801629772,62.000175414566726
8828b69901fffff,13.982981559354567,34.57296630425928
882696bb5dfffff,13.984085288179829,36.379689499745076
8826968da1fffff,13.381668726482365,25.528756695023127
8826968537fffff,13.082749922862467,30.685523648365205
8828b6b185fffff,14.058372255393266,72.55918566275005
8826968d89fffff,18.988203228515943,25.775775138753758
8826968da9fffff,15.082372264901782,25.080697110704012
8826968e1bfffff,17.412805300917405,27.369436145881842
8826968cb1fffff,20.457373950263193,31.955591918700577
8828b61405fffff,15.896917650558958,74.20860107201305
8826968c17fffff,22.50223560432467,26.92658912812223
8826968ca5fffff,27.564452918604697,28.839539243611966
882696852dfffff,13.51056661067241,27.621430696681497
8828b6b9ddfffff,13.45108159340461,73.08291064474159
8826968ce9fffff,28.02681628549775,27.82774203677339
8826968cd9fffff,21.81887435178427,31.655563040442463
88269689e9fffff,13.43968852471219,7.751028299282098
8826968c51fffff,13.967119442355315,25.652423541725053
8828b61715fffff,17.851649634125042,70.3731853603012
8828b6b335fffff,13.533090075151438,64.18782578008927
8826961447fffff,16.831439200563825,34.49856163519651
8828b6bac5fffff,13.369014072654043,68.39354847391904
882696998bfffff,13.92493079739786,8.915400791923087
8826968c33fffff,25.267464395124893,26.44378526621704
8826965913fffff,14.984767903005997,73.7311812053436
8828b6b115fffff,14.495004287872389,68.32007846312925
8828b4d903fffff,14.665811253734086,54.1812487307819
8826968ee1fffff,16.380558141559344,27.23187726769886
8828b68db3fffff,15.100181259661984,66.17242757360947
8826969833fffff,14.96323806377019,12.332851670449172
8828b6b14bfffff,13.775826936873605,64.7522216710697
8826968c15fffff,17.002665446072214,26.028150180738
8826968dcbfffff,20.75570239640686,25.133659421074757
8828b6bab3fffff,13.604180640402761,73.9096610884428
8828b4d161fffff,14.865276229609837,70.16618533617499
8826961739fffff,13.059181909376749,30.9170999249434
8826961751fffff,17.737520086959936,29.75331215094462
8828b6b323fffff,13.712566559005865,63.268294757830475
8826965b65fffff,14.099790924000956,72.21956938686435
882696145dfffff,15.951822928850847,35.382746690118765
88269659c5fffff,16.576570901758373,73.62002892780671
8828b4db5dfffff,15.215911957155441,60.816576191829384
882696c6d9fffff,13.15097253819644,8.897250812305115
8826965b1bfffff,13.68730591286611,67.69148921289477
8826961623fffff,18.960296318630782,33.03854609885018
8826965847fffff,13.52814782522987,68.11772313596589
8826968e57fffff,15.525687406920552,25.82707519339834
8828b61447fffff,15.018956115231447,72.54240540771855
8828b6b025fffff,13.896789098935614,68.42589558300858
8828b6d483fffff,13.515281413090637,48.122022583850104
8828b6ba93fffff,13.507357859227112,73.78629199964676
8826961689fffff,13.707299161136927,38.8770052336819
882696bb31fffff,15.472962857320166,36.830041186025795
8828b61751fffff,19.075327639129135,67.84548427486432
88269616d7fffff,13.533142047150276,40.37611738979978
8828b6b9c9fffff,13.496646541329849,71.3717476728743
8826968167fffff,13.84718906380902,12.773593602595854
8826961311fffff,13.811688401665963,17.405669038808995
8828b6896dfffff,13.267947643531107,49.95830530868216
8828b6b027fffff,13.356448166609784,69.34497661716891
8828b4db19fffff,14.278413590320403,60.62324974838572
8826961649fffff,22.679012198685403,30.697356205999743
8826965327fffff,15.296960502518209,55.26456442928675
8828b6bac7fffff,13.119114214745297,69.29041164039063
88269616d5fffff,14.127302184751278,39.440031124396974
8828b6144dfffff,16.22021125350619,70.95002275014258
8826969823fffff,15.094678862356231,12.47576316122151
8826968dc1fffff,16.456398639381543,24.51000828934242
8828b68825fffff,13.211937386497391,50.35684798377551
8828b6b101fffff,14.157609515208147,66.49548267095474
882696143dfffff,13.33424222775885,37.049868674968906
8828b68da7fffff,15.85032446131345,64.8753642929618
8828b6bab9fffff,13.7855844424921,72.36770196998073
88269616c3fffff,13.88446123476767,38.5041927171635
8828b6b82bfffff,13.502461570901952,69.92623865620847
882696bb41fffff,13.061525918188547,34.72238118239991
882696b901fffff,13.69377644713114,36.9457934196963
882696b92bfffff,13.75424379010457,36.57887380215283
88269689a5fffff,13.159586548963876,11.14355822776352
8826961353fffff,13.188608881143702,15.8226656527527
8828b4da6bfffff,13.018763192758744,64.54407937439433
882696b9e9fffff,13.140312609161176,40.62966504870721
8826961639fffff,17.774653753012803,34.04434357530309
8826968e89fffff,14.952736290941361,29.72522241996148
8828b61661fffff,14.128410218169742,66.8726853331465
8828b61567fffff,14.10849710828974,74.55214135902754
8826965a49fffff,14.552037080004885,61.52041982586357
882696461bfffff,13.14025178223095,54.49309369277288
8826968e83fffff,17.796596057870612,30.56432561050912
8828b4d9e3fffff,13.106164570618859,55.052675896016936
8826968e19fffff,17.117645417930476,26.592863257071823
8826961229fffff,14.606916079716779,16.052905219228144
8828b6ba83fffff,14.073973037207152,71.72391169946927
8826961653fffff,14.901308977178044,34.420349118768954
8826961317fffff,13.960298140903292,18.21869345040636
8826968ec3fffff,14.370245107212941,29.75543106857414
8828b612d5fffff,13.787851963552688,62.853726436414426
8826961619fffff,14.910005016760305,34.76360108171478
88269689edfffff,13.775068791008433,7.813302011428625
88269699ddfffff,13.69861999641715,10.771810492244825
8826961743fffff,13.159856836971082,28.373701960566827
8828b4db1dfffff,14.27430647895868,59.68388728373982
8828b4d125fffff,14.463386193620469,68.16876605040217
8826968ca3fffff,24.370174705120423,30.392017444877162
8826968ac9fffff,13.809638456827482,12.688756634839805
88269659cdfffff,15.530542803911993,72.84264431940396
882696bb45fffff,14.256927384016773,33.91443481518505
8826968da3fffff,15.549455282904551,26.467164147217108
8828b6b305fffff,13.162411412385804,62.16250724744803
8826968cabfffff,25.46405860464583,30.113068921415245
8828b68da5fffff,14.984482304242109,64.14502246097732
8828b6b1edfffff,14.18675314309562,69.82384489648842
8826961635fffff,18.878824163465545,33.97765856931537
88269699cbfffff,14.514802297061118,11.121326226746843
88269612dbfffff,13.541412837976173,23.652233969841063
8826968c97fffff,17.49350417353143,33.27960588555458
882696bb01fffff,14.1102782086468,35.70659004944892
8828b6c6d5fffff,13.49854994942064,56.15265977073977
8826968e55fffff,13.233923534158176,25.07305198387165
8828b4da6dfffff,13.886154954442414,63.37628218432572
8826968dd1fffff,27.679009412324596,26.98477038291329
8826968521fffff,13.915992167325564,28.37185951746248
8826968ccbfffff,24.037634050274583,30.019637921723284
8828b6b149fffff,13.821983906782984,63.834539723027646
8826961403fffff,14.542881522595934,36.88996381766541
8828b4da8bfffff,13.643664644508366,68.1950579560871
8826961439fffff,13.536354389182572,37.42644900197677
8826969821fffff,16.53893873752122,12.946734199716506
8828b4d129fffff,14.862452274220322,69.77245847513221
8828b6b8ddfffff,13.29440655259298,74.33592478307163
8826968ee3fffff,18.286474053714265,28.06637722831313
882696171dfffff,14.974743424120629,30.759217858261472
8826969855fffff,13.749534490755305,16.370767843782566
8828b6b901fffff,14.903438824628315,68.54766919367262
882696bb15fffff,13.809624385105241,37.45257339376218
8826961341fffff,13.086909192461805,13.464987045236382
8826961467fffff,14.195106453731091,34.26702767264925
88269616e3fffff,13.185030574917453,37.80068635343724
8828b4db5bfffff,13.996076027941298,61.986285974961426
8828b68db7fffff,14.306038437036838,66.2547271970825
8826968e95fffff,15.952635247282416,31.409529921336112
8828b6b157fffff,13.746262436017927,67.15765679744936
882696b94bfffff,14.001111127979252,36.27338612404739
8826965903fffff,13.707739881244862,74.88845111252184
8826968125fffff,13.750027522816158,11.660012438558452
8828b688e3fffff,15.54557515448185,52.504111906170714
8826968a15fffff,13.499187303922984,9.24353212197592
8828b68de1fffff,13.554790897441304,61.58626874876501
8828b6bad7fffff,14.214382567404154,71.35734403465939
882696011dfffff,13.229209962973812,39.86022693667924
8828b4d141fffff,13.420306331955326,72.721246459797
8828b61741fffff,14.886414603917766,66.46120309010512
8826964641fffff,13.04038785939982,52.60174281719517
882696c6d5fffff,13.08158263330826,10.140256900142473
882696161bfffff,14.448221931725602,35.69830266014098
882696140bfffff,15.400520218419347,36.37003921559062
8828b4db57fffff,13.874396286141488,60.36455755960256
8828b61665fffff,15.82544393215956,66.93324198230476
882696bb65fffff,17.062935976575517,32.41807337019447
8828b6b117fffff,14.19254530595102,69.23301486572865
8828b6ba85fffff,13.674179436112079,70.58153012266973
8828b60251fffff,13.172082982609885,74.94850955416969
8826968e15fffff,13.850479820529268,25.631213367431698
8828b6ba91fffff,13.438409580182169,72.88567886848871
8828b69951fffff,14.005015096017459,32.63628994533987
882696460dfffff,13.26687095047212,54.47831177061412
8826961445fffff,15.919821856130353,33.56324563643413
8828b616d5fffff,16.193010994560733,73.21740640221789
882696131bfffff,13.634668028212747,17.429531741153603
8826964601fffff,13.577618515476527,54.831854978454516
88269685e5fffff,13.483679036354587,32.34419388948164
8826965321fffff,14.6643226143794,54.54890129217641
8828b6b32dfffff,13.355536471307062,61.430082147210264
8828b4d335fffff,13.033018173866306,74.33866911899906
882696163bfffff,15.303069786063633,34.98329116328481
88269689cdfffff,13.77072132081143,7.095319332612338
8826965849fffff,13.50234700825103,66.61431238876882
8826961221fffff,14.824793265609115,16.76937860862562
882696590bfffff,13.724137572216701,74.13472055807809
8828b4d123fffff,15.353866167315205,69.41387292421221
8826968ea7fffff,21.908393254792827,28.26004137574375
8828b6b127fffff,14.2011816971888,67.1242119945039
882696b95bfffff,13.21856138505606,38.78936549482731
882696bb33fffff,14.774364520529144,37.720836135684905
882696bb55fffff,13.860072576808912,36.42155326831641
8828b61711fffff,15.341056310430329,70.27554783476167
8826965b29fffff,15.012836983056518,71.76321662545432
8826969857fffff,15.182089012686403,16.037265420771668
8828b6b831fffff,14.053098049219816,71.64964625029127
8826965911fffff,13.45364085248683,73.85405557085583
8828b688e7fffff,14.537793070888293,52.757600480069236
8828b6b837fffff,13.060925470972299,72.36381444917079
8826961461fffff,15.34475079257283,33.703226891136524
882696c96dfffff,13.024044599186363,51.90583190880508
8826968cbdfffff,24.172791548986947,31.033765485162053
88269616ddfffff,13.406919851337706,39.08470222430685
8828b4d947fffff,14.755071859612032,54.19265681190725
8826968c53fffff,17.403375653412983,26.51684527262833
8828b6bab1fffff,13.479871072811148,73.0177456852202
8828b4db17fffff,15.643526544526168,59.28900712746851
8828b4db61fffff,15.841303358301616,57.109318685092184
8826968cc7fffff,27.3606244280409,29.44164512014481
8828b6146bfffff,15.730744438119762,72.6178433327252
8828b68969fffff,13.339992624443894,49.49273724887979
8826961663fffff,23.46245660976732,31.22807825179271
882696165dfffff,18.11846192763431,32.55774962495086
8826960ac5fffff,13.695769785082964,43.50311189636774
8828b6b107fffff,14.155716621876241,67.0925279871418
8828b6baebfffff,13.46780933428985,69.03841023928263
8828b688e1fffff,15.012517841427416,51.856628466910564
8828b6171bfffff,15.551692379451596,70.19107989680722
8828b4d32dfffff,16.076088010973667,73.61731077693517
88269698a3fffff,13.143557752384705,10.994927194865292
8826961401fffff,13.797557949242586,35.95605338117213
8826965953fffff,14.855121658310114,72.33130920527623
8826968db1fffff,20.454301605697992,27.896852510054902
8826968e5bfffff,13.103491071923496,26.88284660602831
8826968a13fffff,13.429717831846176,10.761703935241238
8828b4d933fffff,15.419988254658582,53.31968441520966
88269646c1fffff,13.142705723636192,55.34345964447014
8828b6174dfffff,13.465827623423895,65.72924807102811
8826965a29fffff,16.774889348933133,65.31314367874707
8828b4da59fffff,13.122008617305639,68.28849107667644
88269680d5fffff,13.64302736026591,26.933502721370942
8828b6b123fffff,13.648774881111624,67.40438595091157
8826968cb5fffff,22.00124853319586,31.317746697923443
882696595dfffff,13.599412906080088,72.64072480701539
8828b6a369fffff,13.615630907595763,74.41662711434296
8826965a61fffff,16.07720231422161,64.79152684266906
8826965101fffff,13.56134086618969,57.136095066461245
8826968cc5fffff,27.79666215321301,28.54407443831773
8826961641fffff,23.30812734397524,31.02831245705368
8826965b25fffff,14.380489489474737,73.39915365254694
8826968e17fffff,17.547149357632684,26.43391478272685
88269616c1fffff,14.395422685758403,37.56861528642415
8828b6b9a9fffff,13.487329349741,74.22937381388847
8826968c89fffff,24.128486389165403,30.34177221710532
8826961451fffff,13.869001367926739,36.32142109191038
8828b6c651fffff,14.41102719405819,52.310720352545985
8828b6b1e9fffff,14.068289898908679,70.1463507079566
8828b69829fffff,14.07657826904837,32.23539227238373
8826968c93fffff,17.08578567765823,33.963891393892034
8826968e11fffff,19.400880790660608,26.496812977680364
88269698b7fffff,13.910117879337733,11.257828661031475
8826965b09fffff,13.884656757235671,69.20225361895363
8828b4db09fffff,13.387441916730202,59.187595348724
8828b4db21fffff,13.179313749598446,55.93681838987912
8828b4db65fffff,16.54600047287357,56.18614085865412
8828b61407fffff,15.235595527013013,74.96583560049832
8828b6b1c1fffff,13.350954111084869,70.82651685866402
8826968d91fffff,25.790250927350264,28.578387211318166
882696b919fffff,13.574006778049453,39.205737159503386
8828b6b109fffff,13.667120216562163,65.90627232685294
8826968c8bfffff,21.7972634784068,31.244241316489692
8826968de7fffff,14.428130161749005,24.142127377296017
8826965957fffff,13.804362711606002,73.23213971339351
8828b6b9a1fffff,13.445859808290022,74.98422615016474
8826961731fffff,13.109870486039037,31.491192319904048
8828b6d499fffff,13.319484470252076,47.15026914681753
8826961757fffff,16.692768669877896,30.245755257491464
8828b6babdfffff,13.001720442782823,72.12673412422696
8826965a45fffff,15.621361542759223,63.15506994605358
8828b4d901fffff,14.633681599998871,53.855176731820464
88269698edfffff,13.526378769019285,13.004815121027049
8826961227fffff,13.410420488991008,17.50723534521179
8826965b2dfffff,14.777791931569524,72.68970443903605
8826968e99fffff,14.620772305723623,32.2113009537358
8826965a47fffff,16.070619303544344,62.94700487792012
8826969803fffff,14.581237283870838,14.501514239993087
882696c693fffff,13.335001142909885,12.917702465760433
8828b4d12bfffff,15.710232483096622,70.06237757868153
8828b68b21fffff,13.04136488125091,46.23916157740165
8826968ea1fffff,20.180291602156043,28.16419362046898
8826968a53fffff,15.449452960923097,11.22792975705355
8828b4d135fffff,14.03629949353191,69.72375858126907
8826961315fffff,13.70386918359462,17.43586758223572
8828b6b10dfffff,13.659385731135078,65.58386534138639
88269685a1fffff,13.495913890369055,33.889426859275424
8828b6d6d1fffff,13.002425360399062,39.19733618117581
8828b4d9edfffff,13.62257163159883,54.2812011734117
8826961313fffff,13.088962727900137,18.21547500702198
8826969807fffff,15.595380054190628,13.935212647720126
882696140dfffff,17.22939455260617,35.02251820919238
8828b4db2dfffff,15.425490846533856,55.69790265972739
8828b6b9e3fffff,13.01243948875306,73.47859840902501
8828b4d321fffff,15.280264023196604,73.84668770144363
882696982dfffff,13.803672224861943,13.466326901097302
882696169dfffff,13.185928449571795,40.752216733011934
8828b4db51fffff,14.646542548667801,61.0522380979146
8826968d8dfffff,17.036230023128528,25.20562437470068
8828b4d9e5fffff,14.10742641797338,53.696961840628774
8828b612c3fffff,14.449130971340294,62.14884511999417
8826968ca9fffff,28.162624280482724,29.193602140134583
8828b612d9fffff,14.20383287903317,61.83797376646028
8828b68885fffff,13.836453241016589,53.16003059623976
8828b61759fffff,19.255663834856158,67.00768567832861
8826969993fffff,13.328826802978472,8.482926359633913
8828b6b329fffff,13.415471247284122,61.78981758602724
8828b4d32bfffff,13.896974256614127,74.77869642850445
8828b61719fffff,14.963540265955888,69.43626835842916
8826968a1dfffff,15.84696700659316,9.721418037184106
8826965867fffff,15.48984251705042,70.67468651983584
8826961465fffff,15.83872694689166,33.34089246422494
8826961463fffff,14.385474952778555,34.63321863962539
8826961409fffff,18.428221633207038,35.43416502208242
8828b4d829fffff,13.970793612320563,58.62402775683253
8826968ec7fffff,17.333933910322276,28.9061489328686
88269616d9fffff,13.192478691450857,39.68049133412112
8828b6b1e3fffff,13.769130297388633,71.64699173616883
8826965329fffff,13.216362627762962,53.84027550226067
8826961625fffff,19.793305393185303,31.6292619772267
882696b947fffff,14.506427200246346,35.785699144557725
8826965b67fffff,14.032202392431808,71.9856701247026
88269616edfffff,13.96683289019183,35.92233186086007
8826961631fffff,16.844984959627197,34.470465463801105
8826969991fffff,13.68297328939751,8.527288850458717
882696c699fffff,14.015973849309821,11.355190140419516
8826969809fffff,13.15685278882334,15.811660224849199
8826968d87fffff,17.67380674548367,26.536379314624533
8826968a0bfffff,14.057177905062611,9.299795772424542
882696161dfffff,15.294355351603375,34.192261856590775
882696882dfffff,13.623004587239437,4.932021437545208
8828b61289fffff,13.111949533776121,63.021725793418604
8828b6c6ddfffff,13.967969296714633,55.22196416795653
8828b688c7fffff,14.994524051403817,51.37604456063755
8826965a0dfffff,16.470915212235887,63.66932886966246
8826968ec5fffff,17.710489530146397,28.094601377342297
8826965b47fffff,13.209578642498943,69.42556842834638
882696165bfffff,16.31020305484557,34.09969917364784
8828b6a365fffff,13.390379065905508,74.80244513454042
8828b4db3dfffff,13.763242576616276,57.12937059607987
882696126bfffff,13.797500385638754,14.696476619888976
8828b6b155fffff,13.873968011951975,66.24121374720652
8828b4d105fffff,14.601942116082848,70.71754565135954
88269616e1fffff,13.512294395246679,36.86146407139733
8826968d97fffff,25.45887458570679,28.95197495733179
8828b6b80dfffff,13.043029676936618,68.50106947615375
8828b616dbfffff,13.123338247116921,73.32266335303596
8828b688ebfffff,15.241369872452482,51.60783055103359
882696bb47fffff,13.831091678440812,34.767921425110096
8826969843fffff,13.166678117718831,16.749952614728237
8828b6b32bfffff,13.479699710868147,62.71087042630922
8826961459fffff,13.539015547734602,35.85613057915698
882696135bfffff,13.168775889308856,15.057186835908745
88269685a7fffff,14.333310870259911,33.87162168682125
882696b9a9fffff,13.929062818136064,42.15037410760526
8826968debfffff,13.067679637268778,24.269634812321247
8826961657fffff,15.93226592214407,33.82922814946318
882696b94dfffff,14.234003462507578,34.66186311271736
8828b688c5fffff,14.634980281997603,50.71292374587985
8828b4db13fffff,16.926450363513034,60.23427262603777
882696166dfffff,24.710477534649872,29.351072144542695
8828b612d1fffff,14.033608536768046,62.70018482944505
8828b4dacdfffff,13.910905858543472,67.8211868687062
8826965b6dfffff,14.596192508820653,71.5291801049589
8828b688e9fffff,14.170627819181473,50.956857614215735
8826968c8dfffff,26.963032377726336,29.637226337667308
8828b4d16bfffff,15.303559310344243,71.10627664037312
8828b6ba99fffff,14.302051398365453,72.25956835101418
882696162dfffff,22.551920249593383,31.160572773596748
882696b963fffff,15.570165069202337,35.36984995854839
8828b4db1bfffff,13.775056095146464,60.89522483860966
88269698e7fffff,13.313722165707459,11.9282164750425
8828b692a1fffff,13.389570120717142,26.173499861915353
8828b6c653fffff,15.160560858586516,52.76590020183791
8826968ce5fffff,28.705934534800743,27.35882388020054
8826968dadfffff,13.046663088691387,24.590445693647307
8826968cc3fffff,24.177025344399606,30.166441308314184
8828b61299fffff,13.684012801167201,64.28066812324197
8828b4d127fffff,13.902836891555381,68.46476788242579
8826961621fffff,20.22991697541025,32.099517163011676
8826965a2bfffff,14.683794161910646,65.13105282180182
8826965b69fffff,14.07090078244768,70.59448221152407
8828b6a36dfffff,13.94862668527953,74.15728472758805
8826961717fffff,15.49963360332114,32.22442717764071
8828b69935fffff,13.081360025986088,37.38543741153779
8826965a65fffff,15.309636745461262,65.7158471184456
8826968c85fffff,26.158866866152696,29.86124363187099
882696983bfffff,15.216538048331099,13.256259611271709
8828b61757fffff,17.05712575048742,68.6857274352222
882696b925fffff,16.030946532130383,35.35238159727567
8828b4da69fffff,13.407705549558845,64.30607031991046
8828b68889fffff,14.303415646275967,52.04738819155745
8826968de3fffff,14.180799333430489,24.660509935127653
88269602adfffff,13.177382559004295,38.395964638382274
8828b6bad3fffff,14.143664530949229,71.64014967212714
882696b921fffff,14.901709725214532,35.95774689401446
882696b969fffff,16.08280238588118,34.19420416494192
88269689e1fffff,13.483290096076802,8.570008922339781
882696142bfffff,13.68021979969779,36.12156706931535
8828b6166dfffff,13.550797852816876,66.10415906540791
8826964a01fffff,13.05055619496099,73.99144400534178
8826968eb9fffff,21.28464019887607,30.606379808564718
8828b6bac9fffff,14.368883960517053,68.02605195216437
8826968cebfffff,28.777275456137584,28.73136065314538
8828b61463fffff,16.15159958654708,73.45529582043912
8826969853fffff,13.231308341347997,16.67330899891349
8828b4d93dfffff,13.175241420341985,52.606902356103326
8828b6b331fffff,13.111849063237027,64.55365379857943
8828b4d91dfffff,13.27548658970739,55.136666736206
8826968eabfffff,20.356493720730803,28.953814964272585
8826965325fffff,16.189719342933728,55.473756837057046
882696591dfffff,13.477669735244396,73.98859079209177
8826961753fffff,18.417539635431414,30.691216462096808
882696015bfffff,13.102486867497669,37.946145433116484
8828b6b9cbfffff,13.652632218727904,72.22643475855243
882696173bfffff,14.398544060987154,31.8451178020914
8826965b59fffff,13.300525674360426,66.64146364370804
882696595bfffff,14.404659441261876,71.5765259485008
8828b4db41fffff,13.609410450382248,59.669896859446496
8828b6995bfffff,13.88394893806776,32.16886674629745
8826969835fffff,15.186861271254552,12.059129163251592
88269616c7fffff,14.549614943806734,37.939663970409434
8828b61561fffff,13.686079623693614,73.67616450938795
8826965b01fffff,14.017591947164899,69.91377581502552
882696c927fffff,15.115160202251941,52.73384276841828
882696981dfffff,14.02019173368956,15.108810099791642
8826968c57fffff,14.870697118208664,25.743875952167837
8828b4d93bfffff,14.41128642002582,53.91565315111976
8826969805fffff,14.80897487406848,14.354366950155246
8828b4d109fffff,13.52722948316159,72.32290602826595
88269699cdfffff,14.633040226874584,11.073915666283547
882696171bfffff,17.375814222609993,32.11879358660913
8826968911fffff,13.422607761102455,6.142783880850543
8826968d83fffff,21.012873212485992,27.078355735702072
882696bb03fffff,13.610984176498452,36.57791215543826
8826965951fffff,14.011174013244354,72.48013011375811
8828b616d7fffff,15.78959489867199,74.03571777382868
8828b68d83fffff,13.649474092203572,63.74630330075598
8828b6b985fffff,13.482441806515409,74.31893402283939
88269680d3fffff,13.026377398620054,28.48943940014046
8826968cd7fffff,21.439542939396684,31.957533211830352
8828b6b8d9fffff,13.027260200524799,74.56329182869847
8826968a5dfffff,13.970824903303432,10.561962924519678
8826968c35fffff,19.610881921857754,24.859950515118726
8826961713fffff,16.24660902049085,32.628235498010895
8828b4d323fffff,14.620895474382802,74.08717737610486
8826961423fffff,13.063510024054414,36.69513847258689
8826968dc7fffff,16.575238625880097,24.842398152572727
8826969831fffff,15.851485710251325,12.634719701275001
88269685a5fffff,14.354020342267983,33.04676450273557
8826968a4bfffff,14.146853368889245,10.340810947705949
882696891bfffff,13.26228229699421,6.217704923920492
88269616c9fffff,13.509869370999661,37.21775586049254
8826964609fffff,13.320112514870056,53.89184032684846
8826965a3dfffff,13.11032411118716,64.9619533527879
882696bb0dfffff,14.145992318282774,34.83885177156534
8826961613fffff,13.911489600439017,36.06555099989458
8826968acbfffff,13.74995969236266,13.272699142344566
8828b61461fffff,13.434582452226792,72.70604491052985
882696532bfffff,13.159695118159236,53.62563755949846
8826968a51fffff,14.151646563941298,10.859693123837696
8828b6b103fffff,14.588483119179216,67.4075609096135
8828b4da2dfffff,15.330278840626985,62.23902734016478
8826968c81fffff,23.108752912247006,30.54514585409502
8826965b37fffff,13.090926218113713,71.90073412907569
8826965145fffff,13.48668110564565,56.715948055525175
882696163dfffff,17.820689685120964,33.53115748845056
8826968c91fffff,18.25323523300323,33.05546242942945
882696b957fffff,13.68719412955345,38.29387954341914
8826961611fffff,14.381295651120668,35.12879810622294
8826961443fffff,17.930555111119595,34.929953545607205
8826968c59fffff,13.88118733972328,25.59527819403627
8826968eb1fffff,21.121221380401842,30.677273194850663
8828b68921fffff,13.447226176549659,52.77897784970083
8828b68db9fffff,13.124419466834187,64.57979127744902
8826968ebdfffff,20.797333638686958,29.813191080009112
8828b4d917fffff,13.063474389918037,54.87542573970765
8828b69955fffff,13.279539649030438,33.125434586801546
8828b4d98dfffff,13.084908412962443,56.01773217244726
8828b6b151fffff,13.483207915111175,66.58850020948874
8828b61403fffff,13.68377525004835,74.89886358592842
8826965845fffff,14.551285871316555,68.26756385431545
8826965a69fffff,14.708229337072313,64.08085082199267
8828b61401fffff,14.508947836855047,74.1346941262384
8828b4db07fffff,13.317193923440692,57.80817484093114
882696c963fffff,13.306502526748089,51.04049973204417
8826968ce1fffff,29.444861042632194,28.036690541281704
8828b61713fffff,16.81776625263567,71.02706048215909
882696133bfffff,13.312044140689002,18.27352204479405
8828b4d14bfffff,13.772962746172734,73.66076092323388
8828b6ba95fffff,13.512585383915706,72.62072547495801
882696b955fffff,13.717823166770142,37.38345625983542
882696b865fffff,13.48082947759103,38.613993031917516
8828b6b83dfffff,13.710835928578078,70.787102247623
882696460bfffff,13.230888122972127,54.2577966154338
8826968533fffff,13.065557243158334,31.561572003654824
8828b4d13dfffff,14.908056421789555,70.36353677108758
8828b6ba8bfffff,13.880046636863842,71.08654761785243
882696b949fffff,13.983908696981967,35.37271111571642
8826961637fffff,16.056872274700275,34.91685366780326
8828b6d4dbfffff,13.118890737325641,45.27801906680985
8828b68d37fffff,13.584026457224846,61.12033540403921
882696bb2dfffff,16.10013545970901,33.42305376526558
8828b6114dfffff,13.199380752503638,64.78183358276421
8828b4d101fffff,13.468417739659937,71.66328933712059
8826965a09fffff,13.801480787910242,62.75222109767094
88269616e7fffff,13.436278662005487,37.288828430273604
8826965863fffff,15.624182197044542,69.77468060648455
8828b6b139fffff,14.611301129528433,68.00248466337385
8826968e13fffff,19.310390726380742,27.291243654760972
8826965919fffff,15.060891574199246,73.09053051380924
88269699d9fffff,13.946169204968099,11.41199751952466
8828b4d121fffff,13.69424964551132,69.11525522727777
882696164dfffff,24.133036742706462,30.09549960112063
8828b6990dfffff,13.002277857123795,34.16511623443172
8826965869fffff,13.093473994145347,69.17333851641382
882696584dfffff,13.181541225161537,67.52123894151659
8826965943fffff,13.210720990929316,73.55033593756113
88269699c9fffff,15.602637316753848,11.536366810542615
8826961741fffff,13.020275941259827,27.438089107101845
8828b68de5fffff,14.15560999005314,61.704676311563595
8826968ac1fffff,13.416602845735838,12.316395258705665
8828b4d145fffff,14.838043230139817,71.78253617081229
882696bb25fffff,16.207531664464508,33.57789116027085
8826968ed5fffff,14.46775875187259,30.567103420975243
8826968d9bfffff,27.243738423719865,29.163153986915727
8826961759fffff,19.418385300205752,29.282942308281967
882696b9edfffff,13.484074481588351,39.98904154901153
8828b4dad7fffff,13.407333698458116,69.15405405291709
8828b692e9fffff,13.31798452033593,23.639400321452914
8826965a21fffff,14.95605137165784,66.04385906466716
882696582bfffff,13.245974329000955,70.40784155304584
8828b6bac1fffff,13.550497793104995,68.65479234501521
8826968de1fffff,13.434026175656866,23.72276930494339
882696c925fffff,13.391213113805135,53.12303356527512
8826968e97fffff,14.241027383989897,32.259962897461556
8828b4d86dfffff,13.068929624035475,58.63329118263787
8828b4d143fffff,14.097743897128225,72.98878564480934
8828b6bad9fffff,14.379572875674992,70.1209210619743
8828b6175dfffff,15.692271274215171,67.09597036930408
8826965b61fffff,15.436974101214089,71.28720847727965
8828b4db39fffff,14.099388303129851,58.06943837095501
8828b6ba9bfffff,13.181143601712574,73.1624323223361
8828b6b9e7fffff,13.125416685320337,73.39431393677853
8826969863fffff,13.644681159504785,14.82080351790969
882696164bfffff,19.04483723477793,31.627256035732803
8826968ecdfffff,16.138406566753464,28.155908770702325
8828b4d939fffff,15.72483500910587,53.5639407293507
8828b6b33dfffff,13.32736239991894,63.63215355496008
8826961441fffff,17.184541445513016,33.99270212553878
882696b95dfffff,13.929162010936697,37.176034303961735
88269616ebfffff,13.179870756627082,37.391839576716734
8826968d9dfffff,24.10628183948652,27.64380418767004
882696999dfffff,14.544436809473263,8.673113857602674
8826968eadfffff,18.35857062378478,27.3024289595229
8826968dbdfffff,18.480239721149157,26.95805985870218
8828b69921fffff,13.10393267525159,36.585194766907904
8826965107fffff,13.666886110879043,57.89569659921182
8828b688a9fffff,14.079531063707012,53.401694805187375
8828b689c9fffff,14.57514482992509,51.50936199434398
8828b6ba87fffff,13.55614971073098,71.47417218841368
8826961455fffff,16.015905338558646,35.86738993099041
8826961421fffff,13.781067682992372,35.77075035782808
8828b6ba89fffff,13.930209151461629,70.18808931193196
8828b6c6cbfffff,14.940258353569659,54.707807465909646
8826968919fffff,13.042404661106303,5.360371196150237
882696bb23fffff,13.60782458250303,35.202230079972395
8828b612cbfffff,13.112977227585416,61.27774146748228
8828b6171dfffff,15.075223512877345,69.5283236023206
8826968e91fffff,13.736418075450263,32.221896793531336
8826968cb7fffff,20.1824828939808,32.24431150323032
8828b6174bfffff,14.541251679806361,66.35100589684649
8828b4db15fffff,14.968456824319636,59.01046661161149
882696b911fffff,13.147983942721973,39.446053625355624
8828b6b321fffff,13.644406586654211,62.34904156236779
8826968a55fffff,14.809955609559495,9.906433621827285
8826968a57fffff,15.591440417202467,10.26333848728424
8826968eb3fffff,19.43795956168658,31.54568107034771
8828b6b835fffff,13.897112298890551,71.50430442023206
8826965a23fffff,14.623294825872097,65.87007963835916
8826968c19fffff,18.31012583551617,26.620855031306753
8828b6b143fffff,13.849024997693322,65.32511204125399
8828b6b989fffff,13.234471735316964,73.68488836731761
8828b6892dfffff,14.540065194844361,52.29837090041095
8828b612cdfffff,13.684797089962997,60.75727550756676
882696b965fffff,17.083525950871056,33.80228865400227
882696b927fffff,14.714447025188383,36.28485985851507
8826969919fffff,14.531057575238963,12.188489920599485
882696bb6bfffff,13.314500505517119,33.97496592881527
8828b612d3fffff,13.661300577091657,63.41990113732244
8826968915fffff,13.474518225630353,6.220060829889788
8826969819fffff,13.190502440929695,15.752360312152241
8826968c1bfffff,22.518185657158373,27.50195636257477
8828b6992bfffff,13.033836238019237,36.0388544432782
8828b61667fffff,14.625421302540477,67.6982608052869
8828b6896bfffff,13.678891989074883,49.97611593000224
8826965b53fffff,13.177917923847504,67.14918685949549
8826968ce3fffff,28.946318794460897,28.94808618608685
8826968127fffff,13.628362274313377,12.14914805423878
8826968c87fffff,23.234317572520723,30.776012688485988
8826961647fffff,24.82857007695637,31.384082030418707
8826968531fffff,13.118787554740221,30.787717500881506
8826968ed3fffff,13.720805564468423,32.228196338138225
8826961319fffff,13.993267498142634,16.60630696208828
8828b4db59fffff,16.295000111624677,61.74669777487376
8826965a63fffff,15.69408176977565,64.58798175383174
8826965a41fffff,13.959042389064184,62.23063358181719
8826968917fffff,13.957776898679864,6.964555432811754
8828b6166bfffff,13.398079791497711,66.82605330867644
8826965b05fffff,14.905558251303344,70.83789157637432
8828b4db33fffff,13.601588364128485,57.68637363827612
8826965829fffff,15.81487631545782,70.53516872025021
882696c6d7fffff,13.090000042178815,10.723962415419745
8828b4d325fffff,14.883334885451092,72.9156660503549
8828b61763fffff,13.870454272012491,68.30327669609053
8826965b0dfffff,13.836672766007043,70.12892006070204
88269699dbfffff,14.038096255756345,11.192304485282351
8826968cb9fffff,21.06564439997294,31.692260241032194
8826965b13fffff,13.514193300053373,68.42989835440405
8826961643fffff,20.837096368176056,31.961558027018253
8828b61625fffff,14.856639255053691,69.35755726705783
8826968ce7fffff,28.762324122334853,28.275477894027695
8828b6b1c5fffff,14.28887483543138,70.48063034298453
8826969825fffff,16.87437567163283,12.53592516957429
8828b6b131fffff,14.234826026009298,68.60496713015783
88269698a5fffff,13.578142066775582,10.177979449452378
8826968a49fffff,13.663985768932486,10.201198530158795
8828b69865fffff,13.444808219053003,31.23242928411969
8828b4d327fffff,14.510355193597471,73.15290474215843
8826961263fffff,14.121651004229914,15.360794859661475
8826968cedfffff,26.353027907975108,27.12722674291677
8828b61563fffff,14.3232377404222,74.3719974023207
8828b4dac9fffff,13.33363441623958,68.77221741817235
8826968eedfffff,14.443379277996224,26.404413082730766
882696170bfffff,13.36653582758659,29.825259511728447
88269699d5fffff,16.37178548304961,9.842552969749907
8828b4dad5fffff,13.28290312585426,68.8042011569236
88269685e7fffff,13.109669191924135,33.1349680909326
8826961629fffff,21.323001680305715,31.652761551983247
8826968a19fffff,14.725031954147152,10.690681217557533
8826961269fffff,13.380648093369937,13.796299964732501
8826961645fffff,26.2285705892183,30.448549306098865
88269699d7fffff,15.100326791944772,9.580977364668861
8826965909fffff,13.327081584745233,74.29237362887868
882696bb1dfffff,13.491898188053685,37.35335376309895
882696bb43fffff,13.778959920799874,35.569690112965226
8828b6ba8dfffff,13.04818810542299,69.93271938600058
882696168dfffff,13.403576377355268,38.33032071736324
882696146dfffff,16.202941230952337,32.77384430074307
8826961469fffff,14.800564989363137,33.156675876697356
882696155bfffff,13.495166685103024,33.92469333275924
8826968ca1fffff,26.862367091759285,29.46719557075597
882696891dfffff,13.08423612287954,5.361096472093755
8826968083fffff,13.776905548525665,26.24750395046092
8828b4db53fffff,15.540509136586092,61.301286191737894
8826968a17fffff,15.062842731532353,9.800018911288829
882696bb09fffff,13.86034879333335,35.625766947937706
8826968cd3fffff,18.18479556691263,32.68409234908071
8826961715fffff,15.096488110346405,31.292671534772314
8826969815fffff,14.205052204525233,14.181708485073132
8828b6b13bfffff,14.223198733609793,68.9129310414834
8828b68dbdfffff,13.082059924205572,64.66401794614205
8826968c31fffff,20.16925794516163,25.53052773820251
8828b6b367fffff,13.141957122477821,60.86900900076535
882696160bfffff,19.52911394425247,33.25595443411271
8828b61755fffff,16.13830188282755,67.93960179337107
88269698adfffff,14.260862743288895,11.047828896885724
88269616e5fffff,13.963437797700877,36.34930101062947
8826965b19fffff,15.084537335674812,67.87423431935215
8828b4db67fffff,14.934765192167905,56.400125495944515
8826968d95fffff,23.92975327656649,28.015061848214145
8826968eddfffff,13.379255566663929,30.611914626756214
8828b6bad5fffff,14.333368708766306,70.4557869913166
8826961609fffff,23.54447694912313,32.31988942569474
8826968dddfffff,24.53513593924319,26.058712830338287
8826968db9fffff,21.587718470669447,27.474496455419146
8826965827fffff,13.838260816805889,72.06928635679257
8826961651fffff,15.233984338268455,33.488793566491374
8828b69861fffff,13.12803495250822,30.789470042340998
882696bb07fffff,13.93867588586741,35.81199738362467
882696b9e1fffff,13.94277590182705,40.9152221968982
88269689adfffff,13.037177539818574,10.271070316614137
8828b4d163fffff,15.894801138830143,70.43619234551872
88269616cdfffff,14.482820828969366,36.63331328229827
882696175dfffff,16.305615604031605,28.81555574955813
882696b93dfffff,13.027853689399942,37.505909740259625
8828b61409fffff,13.364473905387458,73.30597720950668
8828b4db49fffff,14.08458028676205,60.38604283481619
8828b6b9adfffff,13.48798313655195,74.15229264881184
8828b6b189fffff,13.344128005150605,72.31273558071322
8826968cadfffff,28.073342834149578,28.543362125261233
8826968dbbfffff,23.669344762313482,28.412728759877933
8826968ea9fffff,18.975316708997575,28.099569355859607
8826961607fffff,19.767245126864932,33.10549087068465
882696175bfffff,19.920194970025268,30.221714063923738
882696b96bfffff,15.54650909917278,35.1101654496003
8826968ca7fffff,25.582301338139626,29.768098929333597
8826968db3fffff,22.692273067872495,28.835719136502522
8828b6b1cdfffff,14.533837708121506,69.90886910144556
8828b69907fffff,13.212464291420117,35.51051852791102
882696bb17fffff,13.454427373140447,38.330350483895444
8828b4d12dfffff,13.893670374866277,68.82805521361544
8828b6d65bfffff,13.808532001752496,35.86451546992366
8828b6c65bfffff,13.342834486491524,51.83008636771753
88269698e5fffff,13.94475931604096,12.096052829298406
8826968913fffff,13.150644642208677,6.9630097385018885
882696b967fffff,16.057591006741664,34.72700882394526
8828b61717fffff,17.413728287960065,71.11714575574011
8828b616d1fffff,13.228097045061796,73.26368390761498
8826968c83fffff,21.26614591988804,31.454947844481996
8826961449fffff,17.411425018432883,33.5057535262505
882696bb0bfffff,13.566651447672237,36.48766952437344
8826968c13fffff,25.16881828200137,27.64930175107404
8826968d81fffff,18.124665328422104,26.141871054487947
8826968ed9fffff,13.712470474957579,31.47501197469031
882696532dfffff,13.323103411243363,54.76837752869038
88269698a1fffff,13.154038427442748,10.98155877886909
882696b905fffff,14.539642656337412,36.291946544436286
8826968cc1fffff,26.10987200030104,29.275063184573376
8828b4db4dfffff,13.119736654972838,59.466022051482554
8828b6b9c3fffff,14.304695337465214,72.95334413793044
8826968eb7fffff,21.809582261552915,30.77681289520989
8828b6173bfffff,15.092315564067295,71.22022921791175
882696b915fffff,13.74662937656393,38.78581212942146
8828b6175bfffff,16.0316039913948,67.76502110611341
8828b612c7fffff,13.76652379625003,62.32619851865246
8826968129fffff,13.659000313366729,13.159338639911743
8828b4d823fffff,13.55697393511201,58.3553100296525
882696130bfffff,13.328328479111166,15.82878365979367
8828b689d9fffff,13.861722765750233,52.40427508033871
8826968527fffff,16.949141505662887,28.248432275440795
8826968ec9fffff,13.09004979210275,29.02725482085625
8826961605fffff,22.600624254393544,32.16673502614637
8826968c23fffff,15.394379350501415,23.942723273777982
8828b6b805fffff,13.129251045962928,69.21103117191987
8828b4db4bfffff,14.110703483433197,60.59446012082013
8826968e8dfffff,19.359063658212225,28.891407482783155
8826968e9bfffff,14.730902893724165,33.04280087761711
8828b68de7fffff,15.540805472644552,62.436890782876524
8826961655fffff,18.66670683696438,32.89520568030624
882696bb4dfffff,14.291098057213869,33.87996215852579
8826961457fffff,14.551921359116003,36.80500267759315
88269685a3fffff,13.40476820183797,34.70779228669114
8828b4d863fffff,13.003750935591375,59.25089445566026
882696b861fffff,13.313498765093044,39.34920694139006
8828b6b1c7fffff,14.150917487737631,71.39653023096993
8826961633fffff,14.598276012942165,35.40984666392909
8828b6025bfffff,13.603851268967302,74.74434295399539
8826968c1dfffff,14.767091152165547,25.869279212366965
8828b4d14dfffff,14.044692923715486,72.46480067701219
8826968a59fffff,13.231741889242548,11.502000950006215
8828b6888dfffff,14.217196752796555,52.26729866961841
8826965a27fffff,13.52940938493361,66.77994846430303
882696b909fffff,13.912220607290735,36.69884330365255
882696bb51fffff,13.292390843951553,37.225642007048386
8826961225fffff,14.27226705851716,16.65980446122377
8828b6b1ebfffff,14.545820945950595,71.06006756994897
8828b4d90dfffff,16.282452455618273,53.543465937840345
8828b6bac3fffff,15.337390951804066,69.55492625090164
8828b6982bfffff,13.852677069351268,32.76530905387716
8826968dd3fffff,28.764167837443072,27.911739457192887
8828b61443fffff,13.439813657700421,72.47977083183534
8826968a43fffff,13.49650088656673,9.62778176775075
8826965a67fffff,16.811572857912367,65.50811438784933
882696980bfffff,15.690822514358798,15.435895911740948
8828b6b133fffff,14.13246318391569,69.51327702071069
8826969837fffff,16.61431683840271,11.70265488323077
8826965b43fffff,13.40620391514567,68.49637376906729
8826961661fffff,24.819808666653934,30.28952302722225
882696c69bfffff,13.71441066139329,12.02647675489435
8826968e8bfffff,13.695145479428886,30.551223226933885
882696166bfffff,25.645318225010982,30.82637316285169
8828b68d85fffff,13.64567554982591,63.073379432371965
8826965959fffff,15.183336097149624,71.7326990371207
8828b6b833fffff,13.140813451708174,72.51380774800622
8826965b5bfffff,15.841818186336342,66.42966492630514
8826961699fffff,13.075411514422651,41.312439576817106
8828b4d107fffff,13.176391761835914,71.0101074201242
8826968c9dfffff,20.50926898189277,32.14886153339957
8826965a59fffff,13.130028216092656,60.19147011670081
8826968121fffff,14.03302487756396,12.629396868192323
8828b4da4dfffff,13.124647205400981,65.93621806710709
8828b61185fffff,13.518801155473557,72.14590059309344
88269616e9fffff,13.647757267862442,36.45348742098045
8828b612dbfffff,14.158864468440296,62.5612072515071
8828b6ba81fffff,13.63146879283392,70.82789839193634
8826965b4bfffff,13.421091822250578,67.79630969831996
8826968ea5fffff,20.82867511142442,27.386200573933223
8828b6b153fffff,13.489936838320412,67.50706557691352
882696bb57fffff,13.328602567805467,37.2776638932797
8826968c9bfffff,15.975054928135402,33.75830429157682
8826961755fffff,15.569809832382587,29.309597163087037
882696b961fffff,16.012566968079266,34.44875239795374
882696160dfffff,24.480388050674623,31.76383735525899
8826961711fffff,16.868105799487843,31.69355186010735
8826965915fffff,13.460293127493902,74.74935104356176
8826961267fffff,13.780886672296688,15.178765341396984
8828b6b981fffff,13.481583519622319,74.42092803956037
8828b6b137fffff,14.219068108682787,69.21480801494381
8828b68de3fffff,14.121554219596561,62.32732297503847
8828b68da1fffff,19.121280540854205,64.02368642764003
8826968ee7fffff,16.17261114355591,27.250929243556264
8826961559fffff,13.19896492594971,33.003164180094245
882696bb27fffff,14.4650556103588,34.47415803174771
8826961669fffff,26.325983733543353,29.88908243020903
882696586bfffff,14.82459386188621,69.01876264047839
8828b4d365fffff,13.058385405903739,74.11386482657234
8828b6b9d3fffff,13.181794098091801,74.80097145932125
8826968acdfffff,13.534559591123784,11.724717025068557
8826968e9dfffff,15.036768302608204,31.383610896537256
8828b6b163fffff,13.504131526054936,65.27417877431623
8828b68da9fffff,15.916304536129203,63.17430691261086
8826965a2dfffff,16.29200785918391,66.23042445527787
8826965a5dfffff,13.49629596050205,61.10839115867172
8828b6bab7fffff,13.022045200237981,73.6738745741684
8828b4d10dfffff,15.161400838574158,71.37919632816394
8828b6b9a5fffff,13.25293245181239,74.91420610106609
8826968eebfffff,17.990564734334153,28.06472172255149
8828b68dabfffff,13.225363567273778,63.916741344986576
8826968dd5fffff,23.224285300100945,26.369338666225403
8826968e33fffff,13.331319051629928,25.57266217877101
8826968c3dfffff,15.734635751194515,24.61924119899206
8826968ee5fffff,14.657526059061167,26.408427291254036
8826965825fffff,15.339933221374327,72.19433779656157
8826968cb3fffff,19.523352082629117,32.87845938765387
8826968dd7fffff,25.600754455796896,27.30002603837784
8826968525fffff,15.84853640132167,27.479628542109914
882696b90dfffff,14.686171140876672,36.02739143005116
88269659ebfffff,13.640620767227063,74.4013165093943
8826968c5bfffff,15.546378355554234,26.4459496198617
8826961659fffff,17.49217022490996,33.171647989206186
8828b6142dfffff,13.459447674375728,74.39384667145283
882696168bfffff,13.619680270201945,39.81452527368384
882696134dfffff,13.3647547278816,12.73150356928663
882696bb67fffff,16.982884013502705,33.29414301479424
882696bb49fffff,13.87727340635636,34.702325308843534
8826961245fffff,13.202415768305412,14.063875447401465
8828b4da61fffff,14.114777795743837,63.61050113144174
8828b4db43fffff,14.206246139164266,59.887715603449735
882696b985fffff,13.619094565688036,42.76955825295738
8826968a41fffff,13.166091011459526,9.434297375240519
8828b4db11fffff,15.140123787483194,59.952409711046215
8828b4db55fffff,13.47961935547711,60.11932323414646
8828b6b129fffff,14.456259439546415,65.88338444925476
8826968ccdfffff,25.482117013480945,28.386803298074792
8826968c99fffff,19.904090533195532,32.856805017716475
8826968d85fffff,16.27478862954567,25.598382013892348
8828b68985fffff,13.71520196387088,55.1865092117505
8828b6121bfffff,13.693173805447353,60.07101571099415
882696b959fffff,14.060387102729312,37.88939529805658
8826968ddbfffff,28.009732206438873,27.620608897270603
8828b4d937fffff,13.836601163577981,52.35846036664156
8828b611b1fffff,13.610338793203718,74.27333501634925
8828b6b9dbfffff,13.043798821383476,74.087787289742
882696b867fffff,13.265569813679306,39.5093568341245
8828b6d497fffff,13.218220879372199,49.02234051029774
882696141dfffff,14.0312395145839,37.30616928909057
8826968e81fffff,19.2581968172798,29.72478912174047
882696bb3dfffff,13.313748649137457,35.94177814498542
8828b6b327fffff,13.447917303916652,62.91718497965889
8828b610bdfffff,13.25851186807031,71.83332924279324
8826969999fffff,13.875446769585299,9.405709083161343
8826968d93fffff,25.271451924663797,29.513310462438472
8828b4da53fffff,13.562079693980973,67.88436477432931
8826960ac1fffff,15.460872149884324,43.22747180143835
8828b68925fffff,13.949772112821096,53.23352606197342
8828b6baddfffff,15.541189083994071,69.83181164899204
8826968ed1fffff,14.397397132397057,31.416402291967554
8828b69905fffff,13.509485839322043,35.10199720087182
8826965305fffff,13.379787483940868,52.91367187805207
8828b612ddfffff,13.491105108937765,61.98606523017371
8826964e4dfffff,13.023036775196486,68.03209369483561
8828b61703fffff,13.87490169346473,69.63367023762756
88269659c9fffff,13.618569462479238,71.95621994304243
8826968c95fffff,18.847567513682936,32.36647986537392
8828b689c1fffff,13.371266103515335,52.42785950017608
8826965105fffff,13.011385567430873,58.03669162167564
882696598dfffff,13.663340781584182,74.30858318074606
8826968dc3fffff,21.0514364418107,25.439310517145202
8826969867fffff,14.919538152734484,14.397820356155792
8828b4d915fffff,15.086637967172456,54.52142041402308
8828b610b1fffff,14.337521311066824,72.50472908253563
8828b6b15bfffff,13.154549722413359,66.94793934843176
8826961703fffff,13.913660398562921,30.361447624213504
8826968d8bfffff,21.34211178033964,26.709589458024364
882696995bfffff,13.95181920459049,14.029125120270502
8828b6b13dfffff,14.160511704678555,67.69719800431605
8826968cdbfffff,18.1326649234618,32.53773152008063
8828b6140dfffff,15.175954822781913,73.3743133915322
882696b923fffff,14.21944336741814,36.88765647420338
8826961261fffff,13.29666052104333,14.473405204577993
8828b6b18dfffff,14.918623111695267,71.97414795963883
882696b953fffff,13.256762119665485,38.986722530753354
8826961407fffff,13.969545536020926,36.4948656286233
8826968c39fffff,14.596519586359799,25.314894805182526
882696bb29fffff,14.09696594893506,34.1736131544722
88269699d1fffff,13.2436616635051,10.494388373962403
8828b688c1fffff,15.304098813605961,50.48635054834442
8828b6162dfffff,13.606883466516633,68.52658525893796
8828b6b12bfffff,13.362406304888939,66.78999489992822
8826969829fffff,17.15620687132406,13.883651317711575
882696982bfffff,15.76228727567615,13.415097070365
8828b61467fffff,13.972541757702471,73.5488828770019
8826968a11fffff,15.162533829247431,10.211848717637267
8828b612d7fffff,14.307340277508695,63.56439923255389
8828b688cbfffff,13.061753618897583,50.27737252209631
882696bb3bfffff,14.130166680618458,37.575141642526496
8828b4d96bfffff,13.722882895561131,53.24637251114362
8826968db7fffff,18.875200229938514,28.344258945240767
8828b6b10bfffff,14.111327442197096,66.8204007750856
88269616cbfffff,13.027905893683021,38.1510442868696
8826968c37fffff,25.53664970776819,25.778775258426922
882696591bfffff,17.0438733256661,72.96067680109152
8828b688d5fffff,13.076201031187919,51.844595363450274
8826968a5bfffff,14.003989868730624,11.815611841604017
8828b4d131fffff,13.81236213602433,70.67578938364348
8826968cd1fffff,19.55109144026042,31.79296334427598
8826968cc9fffff,22.422074356213862,29.1379711382978
8828b6b113fffff,14.162315490453745,69.56505106695474
8826968db5fffff,15.851401557528286,27.4056656057564
8828b4d149fffff,13.779415910370252,73.40130830313906
8826969817fffff,13.369140186859896,13.917594947258698
8828b4d147fffff,14.802102150460156,72.04715365264748
8828b4db3bfffff,14.40010615658995,58.34454328867771
8826965a4bfffff,13.45681432167332,61.307602929957405
8826961667fffff,22.273978564155374,30.7136737768194
8826965821fffff,14.255957302307584,71.30008340817352
8828b69923fffff,13.044786645745912,36.975684319061564
8826968dd9fffff,27.20712781597044,26.69904023706557
882696b86dfffff,13.054125219569922,38.460900754466614
8828b6b1e1fffff,14.530530356269448,70.73520513733865
8826965a6dfffff,14.65264469923312,65.00791840652036
8826965a39fffff,13.097542364994615,64.05564408878332
8826965a07fffff,14.428557752625128,64.21992496291219
8828b6b15dfffff,13.617760830016413,65.67021384832383
8826968cd5fffff,21.702845138479432,31.060675781788582
8828b4d905fffff,13.340860226770843,52.903131529827945
88269685adfffff,14.063723190295368,33.07751375494174
8826961615fffff,15.90793153303943,34.5771885491084
88269689e5fffff,13.266237308858337,8.681137867359213
8828b688e5fffff,14.627017400241085,52.12219489030751
8828b689dbfffff,13.532644566254811,53.02752544002433
8826968edbfffff,13.97661872027642,32.272533640402145
8826968eb5fffff,21.01544165819139,29.901775636014012
8826968c11fffff,20.28677783754859,26.75760011814276
882696b92dfffff,16.362396792058203,35.02841406395918
8828b6d6b9fffff,13.212570895725671,42.50043614919993
8826965a4dfffff,16.68235584592566,62.44771348704258
8826968ec1fffff,14.450991401049352,28.95148142559631
8826968ea3fffff,20.430367387975195,29.03077997178943
8828b688edfffff,14.202835486479497,51.21790430326685
8828b68d27fffff,13.141047916540959,59.8793166446331
882696b825fffff,13.76860117029155,39.8945280439789
882696b943fffff,13.827617178737599,36.474569143069075
8828b6b119fffff,13.30918294461023,68.07442425958254
8828b6b105fffff,15.705094044575073,66.1830844480707
882696144dfffff,16.60832935098427,33.05564524447542
882696c961fffff,13.14468778650778,51.46649626406523
882696bb39fffff,13.557879097725559,36.69210852857203
882696bb61fffff,13.634978970829716,33.19145505401975
8826968ebbfffff,17.428010536497702,31.463599475560695
882696bb37fffff,14.562808094836496,36.991449937584115
8828b6b337fffff,13.359644701619876,65.1076195717426
8828b69963fffff,14.151549396230276,34.713815116784936
8826968e93fffff,13.909052181870186,33.06563849347365
8828b6b135fffff,14.381466717703654,68.30928729427407
882696580dfffff,13.957468319543906,68.876580436712
8828b4d9e1fffff,13.031269680890466,54.6603033656364
8828b68dadfffff,16.340905530126637,63.28984069799715
8826968e1dfffff,15.548858059611641,25.712128858227295
8828b6b111fffff,14.201366683056673,68.64980835557482
8826969827fffff,18.07777126580607,12.01012373270338
8826961415fffff,13.261715836923406,37.82422710019725
8826961357fffff,13.302494317315434,15.79594884875774
8828b6d4d3fffff,13.038656805505328,46.21416561202575
8826969955fffff,13.20720081117368,13.471778640175557
882696999bfffff,14.783612033759548,9.321639995436811
882696145bfffff,13.570510870031077,36.79548856800766
8826961617fffff,14.053727679011285,35.515268750412574
8828b4d165fffff,13.264661408864958,69.22691210880025
882696b96dfffff,18.162467436790873,33.52873012856866
8826968d99fffff,28.493201201451594,28.231314677429303
8826968e85fffff,20.10543494642948,28.90731071651209
882696bb05fffff,13.688801418596617,34.93502322240163
8826968a45fffff,13.595163530548808,8.54163170120837
8828b6891bfffff,13.005359656256186,51.280277631589314
8828b4da27fffff,13.112695634037792,61.83887173474704
8828b4d367fffff,14.535298289640625,74.32434899606159
882696bb4bfffff,13.699989784278555,35.538471128740824
882696bb35fffff,14.453737207241073,36.09567489674891
8828b6bacbfffff,15.685326173662917,68.92859528354414
882696146bfffff,14.968980943348603,34.0893831608704
8826961069fffff,13.101620780898616,19.015633963324795
882696bb63fffff,13.414360309540365,34.06142237182444
8826961733fffff,13.842652184378732,32.41559165439137
882696122dfffff,13.68148319263195,15.908634829062771
882696b951fffff,13.625966538915419,38.0805206811118
8828b4da65fffff,16.447793221718765,62.678023845211946
8828b4da25fffff,15.916695455173121,61.56355460586294
8826964e01fffff,13.050938301356354,70.28983217329557
8828b6b11bfffff,14.446056813812865,68.99150009508651
88269659c7fffff,14.116392812760472,73.52065475199578
8826968ed7fffff,13.04527392080759,31.385905845875726
882696514dfffff,14.130238050749014,55.98699847027626
8828b6bacdfffff,13.746194872220643,67.75541740356992
8826965917fffff,13.165628579157064,74.62175480797343
8828b6b9c7fffff,13.328032945793108,72.83636327728063
88269602a3fffff,13.071760033693893,40.06227976035117
88269685b5fffff,13.136282844798695,35.53216995362718
8828b6ba9dfffff,14.029253017578808,71.9857543509798
8826961603fffff,20.24916038948142,33.63925235228417
882696582dfffff,15.090721205434894,71.43229560054353
8826969839fffff,15.629247973021124,13.567738786047942
882696b945fffff,14.66065032824592,34.8740114102684
882696b929fffff,16.41228043621195,35.652556285308435
8828b68de9fffff,13.98912754596715,60.73807574634044
8828b6168bfffff,14.62539679603781,73.99628363678495
8828b6b1e5fffff,14.559486560601046,70.42210370808561
8828b6b98dfffff,13.23069385413701,73.57547316728063
882696c905fffff,13.450144961658948,50.62818318767006
8828b6b839fffff,13.039068609648966,70.94055773871844
8828b61749fffff,17.82856047174544,65.61074906365178
882696bb11fffff,13.513893788260413,38.22256803991351
8826965a6bfffff,15.756886781136894,63.868559467218155
8826968e51fffff,13.576603981207986,25.97559297734984
882696b941fffff,14.122426324915143,35.56733024298867
88269698bbfffff,13.208557826574616,12.896489503772871
8826969801fffff,14.118412125712963,14.873406223390768
8826968c3bfffff,19.92212807413493,26.21988802219153
8828b688c3fffff,15.158606617395035,51.161501512124225
882696983dfffff,15.353601563447565,12.997107889240722
8828b4db37fffff,13.229579729703216,56.74022467399693
882696c6ddfffff,13.116168642077122,9.21095972915102
8826961205fffff,14.431170900408162,16.25392519415055
8826965a25fffff,13.870180737619567,66.95827469634486
8826961665fffff,21.437711150857808,29.77465960036535
8826965103fffff,13.406536095198124,57.00100052517597
8828b4db6dfffff,13.888631138847709,56.9052698905607
8828b616d3fffff,13.481648467307721,74.08772965910403
8826968a1bfffff,13.937999063304291,11.180406280435237
8828b4d167fffff,14.80894345622848,69.49392316838323
88269680c1fffff,13.853395429313162,25.796629007047088
8826968e53fffff,14.6964252077998,26.721700722275024
8826968ee9fffff,18.865802374020337,27.245333848768244
8826965955fffff,13.984255065332183,73.38543349135774
882696131dfffff,13.227907184225112,16.609427226469613
8826961627fffff,17.57326339318071,32.567442757978526
8828b4d931fffff,15.01792474070866,52.95623439013345
882696b863fffff,13.103459865863,40.23989656962235
